Workbook

Sheet Home
B2: SISTEMA DE GESTÃO DA RESIDÊNCIA MULTIPROFISSIONAL
B4: Modelo profissional em Excel sem macros • banco de dados único + dashboards
B6: Módulo | C6: Finalidade | D6: Como usar
B7: Cadastro | C7: Registrar residentes | D7: Preencha Nome, Profissão, Período, Ano e Situação. A CH é automática.
B8: Preceptores | C8: Cadastrar preceptores | D8: Use estes nomes na lista suspensa da Frequência.
B9: Cenários | C9: Cadastrar cenários de prática | D9: Use estes cenários na lista suspensa da Frequência.
B10: Frequencia | C10: Registrar ponto e atividades | D10: Lance cada ocorrência em uma linha; as horas são calculadas automaticamente.
B11: Dashboard | C11: Acompanhar indicadores | D11: Painel geral da turma e por residente.
B12: Relatorio_Individual | C12: Resumo individual | D12: Escolha o residente no topo e imprima o relatório.
B14: Observação: este arquivo foi construído sem macros para evitar bloqueios de segurança do Excel. As fórmulas foram mantidas em padrão nativo do .xlsx; ao abrir no Excel em português, o programa localiza separadores e formatos automaticamente.

Sheet Configurações
A1: CONFIGURAÇÕES E LISTAS SUSPENSAS
A3: Profissões | B3: Período | C3: Ano | D3: Situação | E3: Tipo de registro | F3: Mês | H3: Parâmetro | I3: Valor
A4: Enfermagem | B4: R1 | C4: 2026 | D4: ATIVO | E4: Prática | F4: Janeiro | H4: CH total do programa | I4: 5760
A5: Farmácia | B5: R2 | C5: 2027 | D5: INATIVO | E5: Teórica | F5: Fevereiro | H5: CH anual | I5: 2880
A6: Fisioterapia | C6: 2028 | D6: FÉRIAS | E6: Teórico-prática | F6: Março | H6: CH teórica anual | I6: 576
A7: Nutrição | D7: LICENÇA | E7: Ausência justificada | F7: Abril | H7: CH prática anual | I7: 2304
A8: Psicologia | D8: AFASTADO | E8: Falta | F8: Maio | H8: CH teórica total | I8: 1152
A9: Assistente Social | D9: TRANCADO | E9: Férias | F9: Junho | H9: CH prática total | I9: 4608
A10: Fonoaudiologia | D10: CONCLUÍDO | E10: Licença | F10: Julho
A11: Odontologia | D11: DESLIGADO | F11: Agosto
F12: Setembro
F13: Outubro
F14: Novembro
F15: Dezembro

Sheet Cadastro
A1: CADASTRO DOS RESIDENTES
A3: Nº | B3: Nome | C3: Profissão | D3: Período | E3: Ano | F3: Situação | G3: CH Programa | H3: CH Anual | I3: Observações
A4: 1 | B4: Daniely Kunrath | C4: Enfermagem | D4: R1 | E4: 2026 | F4: ATIVO | G4: =Configurações!$I$4 -> 5760 | H4: =Configurações!$I$5 -> 2880
A5: 2 | B5: Betânia Pereira Pardinho | C5: Enfermagem | D5: R1 | E5: 2026 | F5: ATIVO | G5: =Configurações!$I$4 -> 5760 | H5: =Configurações!$I$5 -> 2880
A6: 3 | B6: Paulo Fernandes Dos Santos | C6: Farmácia | D6: R1 | E6: 2026 | F6: ATIVO | G6: =Configurações!$I$4 -> 5760 | H6: =Configurações!$I$5 -> 2880
A7: 4 | B7: Maria Neves Lopes Menezes | C7: Fisioterapia | D7: R1 | E7: 2026 | F7: ATIVO | G7: =Configurações!$I$4 -> 5760 | H7: =Configurações!$I$5 -> 2880
A8: 5 | B8: Benedito Tales Santos Sousa | C8: Nutrição | D8: R1 | E8: 2026 | F8: ATIVO | G8: =Configurações!$I$4 -> 5760 | H8: =Configurações!$I$5 -> 2880
A9: 6 | B9: Andrea Raissa Bonfim Medeiros | C9: Odontologia | D9: R1 | E9: 2026 | F9: ATIVO | G9: =Configurações!$I$4 -> 5760 | H9: =Configurações!$I$5 -> 2880
A10: 7 | B10: Fabiana Martins Vieira | C10: Odontologia | D10: R1 | E10: 2026 | F10: ATIVO | G10: =Configurações!$I$4 -> 5760 | H10: =Configurações!$I$5 -> 2880
A11: 8 | B11: Pamela Daniele De Sousa | C11: Psicologia | D11: R1 | E11: 2026 | F11: ATIVO | G11: =Configurações!$I$4 -> 5760 | H11: =Configurações!$I$5 -> 2880
A12: 9 | B12: Marcia Sales Belfort | C12: Assistente Social | D12: R1 | E12: 2026 | F12: ATIVO | G12: =Configurações!$I$4 -> 5760 | H12: =Configurações!$I$5 -> 2880
G13: =Configurações!$I$4 -> 5760 | H13: =Configurações!$I$5 -> 2880
G14: =Configurações!$I$4 -> 5760 | H14: =Configurações!$I$5 -> 2880
G15: =Configurações!$I$4 -> 5760 | H15: =Configurações!$I$5 -> 2880
G16: =Configurações!$I$4 -> 5760 | H16: =Configurações!$I$5 -> 2880
G17: =Configurações!$I$4 -> 5760 | H17: =Configurações!$I$5 -> 2880
G18: =Configurações!$I$4 -> 5760 | H18: =Configurações!$I$5 -> 2880
G19: =Configurações!$I$4 -> 5760 | H19: =Configurações!$I$5 -> 2880
G20: =Configurações!$I$4 -> 5760 | H20: =Configurações!$I$5 -> 2880
G21: =Configurações!$I$4 -> 5760 | H21: =Configurações!$I$5 -> 2880
G22: =Configurações!$I$4 -> 5760 | H22: =Configurações!$I$5 -> 2880
G23: =Configurações!$I$4 -> 5760 | H23: =Configurações!$I$5 -> 2880
G24: =Configurações!$I$4 -> 5760 | H24: =Configurações!$I$5 -> 2880
... G100: =Configurações!$I$4 -> 5760 | H100: =Configurações!$I$5 -> 2880

Sheet Preceptores
A1: CADASTRO DE PRECEPTORES
A3: Nome | B3: Profissão | C3: Cenário principal | D3: E-mail | E3: Telefone
A4: Lidiane | B4: Enfermagem | C4: UBS
A5: Larissa | B5: Farmácia | C5: UBS
A6: Daniele | B6: Fisioterapia | C6: eMulti
A7: Soneli | B7: Nutrição | C7: UBS
A8: Ana Paula | B8: Psicologia | C8: CAPS
A9: Francielle | B9: Odontologia | C9: UBS
A10: Elaine | B10: Assistente Social | C10: Gestão
A11: Brendo | B11: Odontologia | C11: UBS

Sheet Cenários
A1: CENÁRIOS DE PRÁTICA
A3: Cenário | B3: Tipo | C3: Observações
A4: eMulti | B4: Atenção Primária
A5: eMulti/SAD | B5: Atenção Primária
A6: UBS Central | B6: Atenção Primária
A7: UBS setor 4 | B7: Atenção Primária
A8: UBS setor 7 | B8: Atenção Primária
A9: UBS setor 8 | B9: Atenção Primária
A10: UBS São Gabriel | B10: Atenção Primária
A11: Farmácia Municipal | B11: Atenção Primária
A12: CAPS | B12: Atenção Psicossocial
A13: Gestão | B13: Gestão em Saúde
A14: Vigilância em Saúde | B14: Vigilância
A15: Escola | B15: Intersetorial
A16: Comunidade | B16: Território

Sheet Frequencia
A1: FREQUÊNCIA GERAL DOS RESIDENTES - BANCO DE DADOS ÚNICO
A3: Data | B3: Ano | C3: Mês | D3: Residente | E3: Profissão | F3: Período | G3: Cenário | H3: Preceptor | I3: Tipo | J3: Entrada manhã | K3: Saída manhã | L3: Entrada tarde | M3: Saída tarde | N3: Entrada noite | O3: Saída noite | P3: Horas do dia | Q3: CH prática | R3: CH teórica
A4: 46082 | B4: =IF(A4="","",YEAR(A4)) -> 2026 | C4: =IF(A4="","",TEXT(A4,"mmmm")) -> março | D4: Daniely Kunrath | E4: =IFERROR(VLOOKUP(D4,Cadastro!$B$4:$H$100,2,FALSE),"") -> Enfermagem | F4: =IFERROR(VLOOKUP(D4,Cadastro!$B$4:$H$100,3,FALSE),"") -> R1 | G4: UBS Central | H4: Lidiane | I4: Prática | P4: =IF(OR(J4="",K4=""),0,(K4-J4)*24)+IF(OR(L4="",M4=""),0,(M4-L4)*24)+IF(OR(N4="",O4=""),0,(O4-N4)*24) -> 0 | Q4: =IF(OR(I4="Prática",I4="Teórico-prática"),P4,0) -> 0 | R4: =IF(OR(I4="Teórica",I4="Teórico-prática"),P4,0) -> 0
A5: 46083 | B5: =IF(A5="","",YEAR(A5)) -> 2026 | C5: =IF(A5="","",TEXT(A5,"mmmm")) -> março | D5: Daniely Kunrath | E5: =IFERROR(VLOOKUP(D5,Cadastro!$B$4:$H$100,2,FALSE),"") -> Enfermagem | F5: =IFERROR(VLOOKUP(D5,Cadastro!$B$4:$H$100,3,FALSE),"") -> R1 | G5: UBS Central | H5: Lidiane | I5: Prática | P5: =IF(OR(J5="",K5=""),0,(K5-J5)*24)+IF(OR(L5="",M5=""),0,(M5-L5)*24)+IF(OR(N5="",O5=""),0,(O5-N5)*24) -> 0 | Q5: =IF(OR(I5="Prática",I5="Teórico-prática"),P5,0) -> 0 | R5: =IF(OR(I5="Teórica",I5="Teórico-prática"),P5,0) -> 0
A6: 46084 | B6: =IF(A6="","",YEAR(A6)) -> 2026 | C6: =IF(A6="","",TEXT(A6,"mmmm")) -> março | D6: Daniely Kunrath | E6: =IFERROR(VLOOKUP(D6,Cadastro!$B$4:$H$100,2,FALSE),"") -> Enfermagem | F6: =IFERROR(VLOOKUP(D6,Cadastro!$B$4:$H$100,3,FALSE),"") -> R1 | G6: UBS Central | H6: Lidiane | I6: Prática | P6: =IF(OR(J6="",K6=""),0,(K6-J6)*24)+IF(OR(L6="",M6=""),0,(M6-L6)*24)+IF(OR(N6="",O6=""),0,(O6-N6)*24) -> 0 | Q6: =IF(OR(I6="Prática",I6="Teórico-prática"),P6,0) -> 0 | R6: =IF(OR(I6="Teórica",I6="Teórico-prática"),P6,0) -> 0
A7: 46085 | B7: =IF(A7="","",YEAR(A7)) -> 2026 | C7: =IF(A7="","",TEXT(A7,"mmmm")) -> março | D7: Daniely Kunrath | E7: =IFERROR(VLOOKUP(D7,Cadastro!$B$4:$H$100,2,FALSE),"") -> Enfermagem | F7: =IFERROR(VLOOKUP(D7,Cadastro!$B$4:$H$100,3,FALSE),"") -> R1 | G7: UBS Central | H7: Lidiane | I7: Prática | P7: =IF(OR(J7="",K7=""),0,(K7-J7)*24)+IF(OR(L7="",M7=""),0,(M7-L7)*24)+IF(OR(N7="",O7=""),0,(O7-N7)*24) -> 0 | Q7: =IF(OR(I7="Prática",I7="Teórico-prática"),P7,0) -> 0 | R7: =IF(OR(I7="Teórica",I7="Teórico-prática"),P7,0) -> 0
A8: 46086 | B8: =IF(A8="","",YEAR(A8)) -> 2026 | C8: =IF(A8="","",TEXT(A8,"mmmm")) -> março | D8: Daniely Kunrath | E8: =IFERROR(VLOOKUP(D8,Cadastro!$B$4:$H$100,2,FALSE),"") -> Enfermagem | F8: =IFERROR(VLOOKUP(D8,Cadastro!$B$4:$H$100,3,FALSE),"") -> R1 | G8: UBS Central | H8: Lidiane | I8: Prática | P8: =IF(OR(J8="",K8=""),0,(K8-J8)*24)+IF(OR(L8="",M8=""),0,(M8-L8)*24)+IF(OR(N8="",O8=""),0,(O8-N8)*24) -> 0 | Q8: =IF(OR(I8="Prática",I8="Teórico-prática"),P8,0) -> 0 | R8: =IF(OR(I8="Teórica",I8="Teórico-prática"),P8,0) -> 0
A9: 46087 | B9: =IF(A9="","",YEAR(A9)) -> 2026 | C9: =IF(A9="","",TEXT(A9,"mmmm")) -> março | D9: Daniely Kunrath | E9: =IFERROR(VLOOKUP(D9,Cadastro!$B$4:$H$100,2,FALSE),"") -> Enfermagem | F9: =IFERROR(VLOOKUP(D9,Cadastro!$B$4:$H$100,3,FALSE),"") -> R1 | G9: UBS Central | H9: Lidiane | I9: Prática | P9: =IF(OR(J9="",K9=""),0,(K9-J9)*24)+IF(OR(L9="",M9=""),0,(M9-L9)*24)+IF(OR(N9="",O9=""),0,(O9-N9)*24) -> 0 | Q9: =IF(OR(I9="Prática",I9="Teórico-prática"),P9,0) -> 0 | R9: =IF(OR(I9="Teórica",I9="Teórico-prática"),P9,0) -> 0
A10: 46088 | B10: =IF(A10="","",YEAR(A10)) -> 2026 | C10: =IF(A10="","",TEXT(A10,"mmmm")) -> março | D10: Daniely Kunrath | E10: =IFERROR(VLOOKUP(D10,Cadastro!$B$4:$H$100,2,FALSE),"") -> Enfermagem | F10: =IFERROR(VLOOKUP(D10,Cadastro!$B$4:$H$100,3,FALSE),"") -> R1 | G10: UBS Central | H10: Lidiane | I10: Prática | P10: =IF(OR(J10="",K10=""),0,(K10-J10)*24)+IF(OR(L10="",M10=""),0,(M10-L10)*24)+IF(OR(N10="",O10=""),0,(O10-N10)*24) -> 0 | Q10: =IF(OR(I10="Prática",I10="Teórico-prática"),P10,0) -> 0 | R10: =IF(OR(I10="Teórica",I10="Teórico-prática"),P10,0) -> 0
A11: 46089 | B11: =IF(A11="","",YEAR(A11)) -> 2026 | C11: =IF(A11="","",TEXT(A11,"mmmm")) -> março | D11: Daniely Kunrath | E11: =IFERROR(VLOOKUP(D11,Cadastro!$B$4:$H$100,2,FALSE),"") -> Enfermagem | F11: =IFERROR(VLOOKUP(D11,Cadastro!$B$4:$H$100,3,FALSE),"") -> R1 | G11: UBS Central | H11: Lidiane | I11: Prática | P11: =IF(OR(J11="",K11=""),0,(K11-J11)*24)+IF(OR(L11="",M11=""),0,(M11-L11)*24)+IF(OR(N11="",O11=""),0,(O11-N11)*24) -> 0 | Q11: =IF(OR(I11="Prática",I11="Teórico-prática"),P11,0) -> 0 | R11: =IF(OR(I11="Teórica",I11="Teórico-prática"),P11,0) -> 0
A12: 46090 | B12: =IF(A12="","",YEAR(A12)) -> 2026 | C12: =IF(A12="","",TEXT(A12,"mmmm")) -> março | D12: Daniely Kunrath | E12: =IFERROR(VLOOKUP(D12,Cadastro!$B$4:$H$100,2,FALSE),"") -> Enfermagem | F12: =IFERROR(VLOOKUP(D12,Cadastro!$B$4:$H$100,3,FALSE),"") -> R1 | G12: UBS Central | H12: Lidiane | I12: Prática | J12: 0.33333333 | K12: 0.70833333 | P12: =IF(OR(J12="",K12=""),0,(K12-J12)*24)+IF(OR(L12="",M12=""),0,(M12-L12)*24)+IF(OR(N12="",O12=""),0,(O12-N12)*24) -> 9 | Q12: =IF(OR(I12="Prática",I12="Teórico-prática"),P12,0) -> 9 | R12: =IF(OR(I12="Teórica",I12="Teórico-prática"),P12,0) -> 0
A13: 46091 | B13: =IF(A13="","",YEAR(A13)) -> 2026 | C13: =IF(A13="","",TEXT(A13,"mmmm")) -> março | D13: Daniely Kunrath | E13: =IFERROR(VLOOKUP(D13,Cadastro!$B$4:$H$100,2,FALSE),"") -> Enfermagem | F13: =IFERROR(VLOOKUP(D13,Cadastro!$B$4:$H$100,3,FALSE),"") -> R1 | G13: UBS Central | H13: Lidiane | I13: Prática | J13: 0.33333333 | K13: 0.70833333 | P13: =IF(OR(J13="",K13=""),0,(K13-J13)*24)+IF(OR(L13="",M13=""),0,(M13-L13)*24)+IF(OR(N13="",O13=""),0,(O13-N13)*24) -> 9 | Q13: =IF(OR(I13="Prática",I13="Teórico-prática"),P13,0) -> 9 | R13: =IF(OR(I13="Teórica",I13="Teórico-prática"),P13,0) -> 0
A14: 46092 | B14: =IF(A14="","",YEAR(A14)) -> 2026 | C14: =IF(A14="","",TEXT(A14,"mmmm")) -> março | D14: Daniely Kunrath | E14: =IFERROR(VLOOKUP(D14,Cadastro!$B$4:$H$100,2,FALSE),"") -> Enfermagem | F14: =IFERROR(VLOOKUP(D14,Cadastro!$B$4:$H$100,3,FALSE),"") -> R1 | G14: UBS Central | H14: Lidiane | I14: Prática | J14: 0.33333333 | K14: 0.70833333 | P14: =IF(OR(J14="",K14=""),0,(K14-J14)*24)+IF(OR(L14="",M14=""),0,(M14-L14)*24)+IF(OR(N14="",O14=""),0,(O14-N14)*24) -> 9 | Q14: =IF(OR(I14="Prática",I14="Teórico-prática"),P14,0) -> 9 | R14: =IF(OR(I14="Teórica",I14="Teórico-prática"),P14,0) -> 0
A15: 46093 | B15: =IF(A15="","",YEAR(A15)) -> 2026 | C15: =IF(A15="","",TEXT(A15,"mmmm")) -> março | D15: Daniely Kunrath | E15: =IFERROR(VLOOKUP(D15,Cadastro!$B$4:$H$100,2,FALSE),"") -> Enfermagem | F15: =IFERROR(VLOOKUP(D15,Cadastro!$B$4:$H$100,3,FALSE),"") -> R1 | G15: UBS Central | H15: Lidiane | I15: Prática | J15: 0.33333333 | K15: 0.70833333 | P15: =IF(OR(J15="",K15=""),0,(K15-J15)*24)+IF(OR(L15="",M15=""),0,(M15-L15)*24)+IF(OR(N15="",O15=""),0,(O15-N15)*24) -> 9 | Q15: =IF(OR(I15="Prática",I15="Teórico-prática"),P15,0) -> 9 | R15: =IF(OR(I15="Teórica",I15="Teórico-prática"),P15,0) -> 0
A16: 46094 | B16: =IF(A16="","",YEAR(A16)) -> 2026 | C16: =IF(A16="","",TEXT(A16,"mmmm")) -> março | D16: Daniely Kunrath | E16: =IFERROR(VLOOKUP(D16,Cadastro!$B$4:$H$100,2,FALSE),"") -> Enfermagem | F16: =IFERROR(VLOOKUP(D16,Cadastro!$B$4:$H$100,3,FALSE),"") -> R1 | G16: UBS Central | H16: Lidiane | I16: Prática | J16: 0.33333333 | K16: 0.70833333 | P16: =IF(OR(J16="",K16=""),0,(K16-J16)*24)+IF(OR(L16="",M16=""),0,(M16-L16)*24)+IF(OR(N16="",O16=""),0,(O16-N16)*24) -> 9 | Q16: =IF(OR(I16="Prática",I16="Teórico-prática"),P16,0) -> 9 | R16: =IF(OR(I16="Teórica",I16="Teórico-prática"),P16,0) -> 0
A17: 46095 | B17: =IF(A17="","",YEAR(A17)) -> 2026 | C17: =IF(A17="","",TEXT(A17,"mmmm")) -> março | D17: Daniely Kunrath | E17: =IFERROR(VLOOKUP(D17,Cadastro!$B$4:$H$100,2,FALSE),"") -> Enfermagem | F17: =IFERROR(VLOOKUP(D17,Cadastro!$B$4:$H$100,3,FALSE),"") -> R1 | G17: UBS Central | H17: Lidiane | I17: Prática | P17: =IF(OR(J17="",K17=""),0,(K17-J17)*24)+IF(OR(L17="",M17=""),0,(M17-L17)*24)+IF(OR(N17="",O17=""),0,(O17-N17)*24) -> 0 | Q17: =IF(OR(I17="Prática",I17="Teórico-prática"),P17,0) -> 0 | R17: =IF(OR(I17="Teórica",I17="Teórico-prática"),P17,0) -> 0
A18: 46096 | B18: =IF(A18="","",YEAR(A18)) -> 2026 | C18: =IF(A18="","",TEXT(A18,"mmmm")) -> março | D18: Daniely Kunrath | E18: =IFERROR(VLOOKUP(D18,Cadastro!$B$4:$H$100,2,FALSE),"") -> Enfermagem | F18: =IFERROR(VLOOKUP(D18,Cadastro!$B$4:$H$100,3,FALSE),"") -> R1 | G18: UBS Central | H18: Lidiane | I18: Prática | P18: =IF(OR(J18="",K18=""),0,(K18-J18)*24)+IF(OR(L18="",M18=""),0,(M18-L18)*24)+IF(OR(N18="",O18=""),0,(O18-N18)*24) -> 0 | Q18: =IF(OR(I18="Prática",I18="Teórico-prática"),P18,0) -> 0 | R18: =IF(OR(I18="Teórica",I18="Teórico-prática"),P18,0) -> 0
A19: 46097 | B19: =IF(A19="","",YEAR(A19)) -> 2026 | C19: =IF(A19="","",TEXT(A19,"mmmm")) -> março | D19: Daniely Kunrath | E19: =IFERROR(VLOOKUP(D19,Cadastro!$B$4:$H$100,2,FALSE),"") -> Enfermagem | F19: =IFERROR(VLOOKUP(D19,Cadastro!$B$4:$H$100,3,FALSE),"") -> R1 | G19: UBS Central | H19: Lidiane | I19: Prática | J19: 0.30486111 | K19: 0.51041667 | L19: 0.56180556 | M19: 0.72916667 | P19: =IF(OR(J19="",K19=""),0,(K19-J19)*24)+IF(OR(L19="",M19=""),0,(M19-L19)*24)+IF(OR(N19="",O19=""),0,(O19-N19)*24) -> 8.95 | Q19: =IF(OR(I19="Prática",I19="Teórico-prática"),P19,0) -> 8.95 | R19: =IF(OR(I19="Teórica",I19="Teórico-prática"),P19,0) -> 0
A20: 46098 | B20: =IF(A20="","",YEAR(A20)) -> 2026 | C20: =IF(A20="","",TEXT(A20,"mmmm")) -> março | D20: Daniely Kunrath | E20: =IFERROR(VLOOKUP(D20,Cadastro!$B$4:$H$100,2,FALSE),"") -> Enfermagem | F20: =IFERROR(VLOOKUP(D20,Cadastro!$B$4:$H$100,3,FALSE),"") -> R1 | G20: UBS Central | H20: Lidiane | I20: Prática | J20: 0.29166667 | K20: 0.50347222 | L20: 0.5625 | M20: 0.73611111 | N20: 0.75 | O20: 0.875 | P20: =IF(OR(J20="",K20=""),0,(K20-J20)*24)+IF(OR(L20="",M20=""),0,(M20-L20)*24)+IF(OR(N20="",O20=""),0,(O20-N20)*24) -> 12.25 | Q20: =IF(OR(I20="Prática",I20="Teórico-prática"),P20,0) -> 12.25 | R20: =IF(OR(I20="Teórica",I20="Teórico-prática"),P20,0) -> 0
A21: 46099 | B21: =IF(A21="","",YEAR(A21)) -> 2026 | C21: =IF(A21="","",TEXT(A21,"mmmm")) -> março | D21: Daniely Kunrath | E21: =IFERROR(VLOOKUP(D21,Cadastro!$B$4:$H$100,2,FALSE),"") -> Enfermagem | F21: =IFERROR(VLOOKUP(D21,Cadastro!$B$4:$H$100,3,FALSE),"") -> R1 | G21: UBS Central | H21: Lidiane | I21: Prática | J21: 0.29861111 | K21: 0.5 | L21: 0.56944444 | M21: 0.72916667 | P21: =IF(OR(J21="",K21=""),0,(K21-J21)*24)+IF(OR(L21="",M21=""),0,(M21-L21)*24)+IF(OR(N21="",O21=""),0,(O21-N21)*24) -> 8.6666667 | Q21: =IF(OR(I21="Prática",I21="Teórico-prática"),P21,0) -> 8.6666667 | R21: =IF(OR(I21="Teórica",I21="Teórico-prática"),P21,0) -> 0
A22: 46100 | B22: =IF(A22="","",YEAR(A22)) -> 2026 | C22: =IF(A22="","",TEXT(A22,"mmmm")) -> março | D22: Daniely Kunrath | E22: =IFERROR(VLOOKUP(D22,Cadastro!$B$4:$H$100,2,FALSE),"") -> Enfermagem | F22: =IFERROR(VLOOKUP(D22,Cadastro!$B$4:$H$100,3,FALSE),"") -> R1 | G22: UBS Central | H22: Lidiane | I22: Prática | J22: 0.29166667 | K22: 0.5 | L22: 0.5625 | M22: 0.72569444 | P22: =IF(OR(J22="",K22=""),0,(K22-J22)*24)+IF(OR(L22="",M22=""),0,(M22-L22)*24)+IF(OR(N22="",O22=""),0,(O22-N22)*24) -> 8.9166667 | Q22: =IF(OR(I22="Prática",I22="Teórico-prática"),P22,0) -> 8.9166667 | R22: =IF(OR(I22="Teórica",I22="Teórico-prática"),P22,0) -> 0
A23: 46101 | B23: =IF(A23="","",YEAR(A23)) -> 2026 | C23: =IF(A23="","",TEXT(A23,"mmmm")) -> março | D23: Daniely Kunrath | E23: =IFERROR(VLOOKUP(D23,Cadastro!$B$4:$H$100,2,FALSE),"") -> Enfermagem | F23: =IFERROR(VLOOKUP(D23,Cadastro!$B$4:$H$100,3,FALSE),"") -> R1 | G23: UBS Central | H23: Lidiane | I23: Prática | J23: 0.29513889 | K23: 0.5 | L23: 0.56597222 | M23: 0.72916667 | P23: =IF(OR(J23="",K23=""),0,(K23-J23)*24)+IF(OR(L23="",M23=""),0,(M23-L23)*24)+IF(OR(N23="",O23=""),0,(O23-N23)*24) -> 8.8333333 | Q23: =IF(OR(I23="Prática",I23="Teórico-prática"),P23,0) -> 8.8333333 | R23: =IF(OR(I23="Teórica",I23="Teórico-prática"),P23,0) -> 0
A24: 46102 | B24: =IF(A24="","",YEAR(A24)) -> 2026 | C24: =IF(A24="","",TEXT(A24,"mmmm")) -> março | D24: Daniely Kunrath | E24: =IFERROR(VLOOKUP(D24,Cadastro!$B$4:$H$100,2,FALSE),"") -> Enfermagem | F24: =IFERROR(VLOOKUP(D24,Cadastro!$B$4:$H$100,3,FALSE),"") -> R1 | G24: UBS Central | H24: Lidiane | I24: Prática | P24: =IF(OR(J24="",K24=""),0,(K24-J24)*24)+IF(OR(L24="",M24=""),0,(M24-L24)*24)+IF(OR(N24="",O24=""),0,(O24-N24)*24) -> 0 | Q24: =IF(OR(I24="Prática",I24="Teórico-prática"),P24,0) -> 0 | R24: =IF(OR(I24="Teórica",I24="Teórico-prática"),P24,0) -> 0
A25: 46103 | B25: =IF(A25="","",YEAR(A25)) -> 2026 | C25: =IF(A25="","",TEXT(A25,"mmmm")) -> março | D25: Daniely Kunrath | E25: =IFERROR(VLOOKUP(D25,Cadastro!$B$4:$H$100,2,FALSE),"") -> Enfermagem | F25: =IFERROR(VLOOKUP(D25,Cadastro!$B$4:$H$100,3,FALSE),"") -> R1 | G25: UBS Central | H25: Lidiane | I25: Prática | P25: =IF(OR(J25="",K25=""),0,(K25-J25)*24)+IF(OR(L25="",M25=""),0,(M25-L25)*24)+IF(OR(N25="",O25=""),0,(O25-N25)*24) -> 0 | Q25: =IF(OR(I25="Prática",I25="Teórico-prática"),P25,0) -> 0 | R25: =IF(OR(I25="Teórica",I25="Teórico-prática"),P25,0) -> 0
A26: 46104 | B26: =IF(A26="","",YEAR(A26)) -> 2026 | C26: =IF(A26="","",TEXT(A26,"mmmm")) -> março | D26: Daniely Kunrath | E26: =IFERROR(VLOOKUP(D26,Cadastro!$B$4:$H$100,2,FALSE),"") -> Enfermagem | F26: =IFERROR(VLOOKUP(D26,Cadastro!$B$4:$H$100,3,FALSE),"") -> R1 | G26: UBS Central | H26: Lidiane | I26: Prática | J26: 0.29166667 | K26: 0.5 | L26: 0.5625 | M26: 0.72916667 | P26: =IF(OR(J26="",K26=""),0,(K26-J26)*24)+IF(OR(L26="",M26=""),0,(M26-L26)*24)+IF(OR(N26="",O26=""),0,(O26-N26)*24) -> 9 | Q26: =IF(OR(I26="Prática",I26="Teórico-prática"),P26,0) -> 9 | R26: =IF(OR(I26="Teórica",I26="Teórico-prática"),P26,0) -> 0
A27: 46105 | B27: =IF(A27="","",YEAR(A27)) -> 2026 | C27: =IF(A27="","",TEXT(A27,"mmmm")) -> março | D27: Daniely Kunrath | E27: =IFERROR(VLOOKUP(D27,Cadastro!$B$4:$H$100,2,FALSE),"") -> Enfermagem | F27: =IFERROR(VLOOKUP(D27,Cadastro!$B$4:$H$100,3,FALSE),"") -> R1 | G27: UBS Central | H27: Lidiane | I27: Prática | J27: 0.28472222 | K27: 0.5 | L27: 0.57291667 | M27: 0.72916667 | N27: 0.75 | O27: 0.87152778 | P27: =IF(OR(J27="",K27=""),0,(K27-J27)*24)+IF(OR(L27="",M27=""),0,(M27-L27)*24)+IF(OR(N27="",O27=""),0,(O27-N27)*24) -> 11.833333 | Q27: =IF(OR(I27="Prática",I27="Teórico-prática"),P27,0) -> 11.833333 | R27: =IF(OR(I27="Teórica",I27="Teórico-prática"),P27,0) -> 0
A28: 46106 | B28: =IF(A28="","",YEAR(A28)) -> 2026 | C28: =IF(A28="","",TEXT(A28,"mmmm")) -> março | D28: Daniely Kunrath | E28: =IFERROR(VLOOKUP(D28,Cadastro!$B$4:$H$100,2,FALSE),"") -> Enfermagem | F28: =IFERROR(VLOOKUP(D28,Cadastro!$B$4:$H$100,3,FALSE),"") -> R1 | G28: UBS Central | H28: Lidiane | I28: Prática | J28: 0.30208333 | K28: 0.66458333 | P28: =IF(OR(J28="",K28=""),0,(K28-J28)*24)+IF(OR(L28="",M28=""),0,(M28-L28)*24)+IF(OR(N28="",O28=""),0,(O28-N28)*24) -> 8.7 | Q28: =IF(OR(I28="Prática",I28="Teórico-prática"),P28,0) -> 8.7 | R28: =IF(OR(I28="Teórica",I28="Teórico-prática"),P28,0) -> 0
A29: 46107 | B29: =IF(A29="","",YEAR(A29)) -> 2026 | C29: =IF(A29="","",TEXT(A29,"mmmm")) -> março | D29: Daniely Kunrath | E29: =IFERROR(VLOOKUP(D29,Cadastro!$B$4:$H$100,2,FALSE),"") -> Enfermagem | F29: =IFERROR(VLOOKUP(D29,Cadastro!$B$4:$H$100,3,FALSE),"") -> R1 | G29: UBS Central | H29: Lidiane | I29: Prática | J29: 0.29513889 | K29: 0.50416667 | L29: 0.56458333 | M29: 0.74305556 | P29: =IF(OR(J29="",K29=""),0,(K29-J29)*24)+IF(OR(L29="",M29=""),0,(M29-L29)*24)+IF(OR(N29="",O29=""),0,(O29-N29)*24) -> 9.3 | Q29: =IF(OR(I29="Prática",I29="Teórico-prática"),P29,0) -> 9.3 | R29: =IF(OR(I29="Teórica",I29="Teórico-prática"),P29,0) -> 0
A30: 46108 | B30: =IF(A30="","",YEAR(A30)) -> 2026 | C30: =IF(A30="","",TEXT(A30,"mmmm")) -> março | D30: Daniely Kunrath | E30: =IFERROR(VLOOKUP(D30,Cadastro!$B$4:$H$100,2,FALSE),"") -> Enfermagem | F30: =IFERROR(VLOOKUP(D30,Cadastro!$B$4:$H$100,3,FALSE),"") -> R1 | G30: UBS Central | H30: Lidiane | I30: Prática | J30: 0.28888889 | K30: 0.5 | L30: 0.5625 | M30: 0.73611111 | P30: =IF(OR(J30="",K30=""),0,(K30-J30)*24)+IF(OR(L30="",M30=""),0,(M30-L30)*24)+IF(OR(N30="",O30=""),0,(O30-N30)*24) -> 9.2333333 | Q30: =IF(OR(I30="Prática",I30="Teórico-prática"),P30,0) -> 9.2333333 | R30: =IF(OR(I30="Teórica",I30="Teórico-prática"),P30,0) -> 0
A31: 46109 | B31: =IF(A31="","",YEAR(A31)) -> 2026 | C31: =IF(A31="","",TEXT(A31,"mmmm")) -> março | D31: Daniely Kunrath | E31: =IFERROR(VLOOKUP(D31,Cadastro!$B$4:$H$100,2,FALSE),"") -> Enfermagem | F31: =IFERROR(VLOOKUP(D31,Cadastro!$B$4:$H$100,3,FALSE),"") -> R1 | G31: UBS Central | H31: Lidiane | I31: Prática | P31: =IF(OR(J31="",K31=""),0,(K31-J31)*24)+IF(OR(L31="",M31=""),0,(M31-L31)*24)+IF(OR(N31="",O31=""),0,(O31-N31)*24) -> 0 | Q31: =IF(OR(I31="Prática",I31="Teórico-prática"),P31,0) -> 0 | R31: =IF(OR(I31="Teórica",I31="Teórico-prática"),P31,0) -> 0
A32: 46110 | B32: =IF(A32="","",YEAR(A32)) -> 2026 | C32: =IF(A32="","",TEXT(A32,"mmmm")) -> março | D32: Daniely Kunrath | E32: =IFERROR(VLOOKUP(D32,Cadastro!$B$4:$H$100,2,FALSE),"") -> Enfermagem | F32: =IFERROR(VLOOKUP(D32,Cadastro!$B$4:$H$100,3,FALSE),"") -> R1 | G32: UBS Central | H32: Lidiane | I32: Prática | P32: =IF(OR(J32="",K32=""),0,(K32-J32)*24)+IF(OR(L32="",M32=""),0,(M32-L32)*24)+IF(OR(N32="",O32=""),0,(O32-N32)*24) -> 0 | Q32: =IF(OR(I32="Prática",I32="Teórico-prática"),P32,0) -> 0 | R32: =IF(OR(I32="Teórica",I32="Teórico-prática"),P32,0) -> 0
A33: 46111 | B33: =IF(A33="","",YEAR(A33)) -> 2026 | C33: =IF(A33="","",TEXT(A33,"mmmm")) -> março | D33: Daniely Kunrath | E33: =IFERROR(VLOOKUP(D33,Cadastro!$B$4:$H$100,2,FALSE),"") -> Enfermagem | F33: =IFERROR(VLOOKUP(D33,Cadastro!$B$4:$H$100,3,FALSE),"") -> R1 | G33: UBS Central | H33: Lidiane | I33: Prática | J33: 0.30208333 | K33: 0.50347222 | L33: 0.55972222 | M33: 0.72847222 | P33: =IF(OR(J33="",K33=""),0,(K33-J33)*24)+IF(OR(L33="",M33=""),0,(M33-L33)*24)+IF(OR(N33="",O33=""),0,(O33-N33)*24) -> 8.8833333 | Q33: =IF(OR(I33="Prática",I33="Teórico-prática"),P33,0) -> 8.8833333 | R33: =IF(OR(I33="Teórica",I33="Teórico-prática"),P33,0) -> 0
A34: 46112 | B34: =IF(A34="","",YEAR(A34)) -> 2026 | C34: =IF(A34="","",TEXT(A34,"mmmm")) -> março | D34: Daniely Kunrath | E34: =IFERROR(VLOOKUP(D34,Cadastro!$B$4:$H$100,2,FALSE),"") -> Enfermagem | F34: =IFERROR(VLOOKUP(D34,Cadastro!$B$4:$H$100,3,FALSE),"") -> R1 | G34: UBS Central | H34: Lidiane | I34: Prática | J34: 0.28472222 | K34: 0.5 | L34: 0.55555556 | M34: 0.73263889 | N34: 0.75 | O34: 0.86111111 | P34: =IF(OR(J34="",K34=""),0,(K34-J34)*24)+IF(OR(L34="",M34=""),0,(M34-L34)*24)+IF(OR(N34="",O34=""),0,(O34-N34)*24) -> 12.083333 | Q34: =IF(OR(I34="Prática",I34="Teórico-prática"),P34,0) -> 12.083333 | R34: =IF(OR(I34="Teórica",I34="Teórico-prática"),P34,0) -> 0
B35: =IF(A35="","",YEAR(A35)) | C35: =IF(A35="","",TEXT(A35,"mmmm")) | E35: =IFERROR(VLOOKUP(D35,Cadastro!$B$4:$H$100,2,FALSE),"") | F35: =IFERROR(VLOOKUP(D35,Cadastro!$B$4:$H$100,3,FALSE),"") | P35: =IF(OR(J35="",K35=""),0,(K35-J35)*24)+IF(OR(L35="",M35=""),0,(M35-L35)*24)+IF(OR(N35="",O35=""),0,(O35-N35)*24) -> 0 | Q35: =IF(OR(I35="Prática",I35="Teórico-prática"),P35,0) -> 0 | R35: =IF(OR(I35="Teórica",I35="Teórico-prática"),P35,0) -> 0
A36: 46082 | B36: =IF(A36="","",YEAR(A36)) -> 2026 | C36: =IF(A36="","",TEXT(A36,"mmmm")) -> março | D36: Betânia Pereira Pardinho | E36: =IFERROR(VLOOKUP(D36,Cadastro!$B$4:$H$100,2,FALSE),"") -> Enfermagem | F36: =IFERROR(VLOOKUP(D36,Cadastro!$B$4:$H$100,3,FALSE),"") -> R1 | G36: UBS Central | H36: Lidiane | I36: Prática | P36: =IF(OR(J36="",K36=""),0,(K36-J36)*24)+IF(OR(L36="",M36=""),0,(M36-L36)*24)+IF(OR(N36="",O36=""),0,(O36-N36)*24) -> 0 | Q36: =IF(OR(I36="Prática",I36="Teórico-prática"),P36,0) -> 0 | R36: =IF(OR(I36="Teórica",I36="Teórico-prática"),P36,0) -> 0
A37: 46083 | B37: =IF(A37="","",YEAR(A37)) -> 2026 | C37: =IF(A37="","",TEXT(A37,"mmmm")) -> março | D37: Betânia Pereira Pardinho | E37: =IFERROR(VLOOKUP(D37,Cadastro!$B$4:$H$100,2,FALSE),"") -> Enfermagem | F37: =IFERROR(VLOOKUP(D37,Cadastro!$B$4:$H$100,3,FALSE),"") -> R1 | G37: UBS Central | H37: Lidiane | I37: Prática | P37: =IF(OR(J37="",K37=""),0,(K37-J37)*24)+IF(OR(L37="",M37=""),0,(M37-L37)*24)+IF(OR(N37="",O37=""),0,(O37-N37)*24) -> 0 | Q37: =IF(OR(I37="Prática",I37="Teórico-prática"),P37,0) -> 0 | R37: =IF(OR(I37="Teórica",I37="Teórico-prática"),P37,0) -> 0
A38: 46084 | B38: =IF(A38="","",YEAR(A38)) -> 2026 | C38: =IF(A38="","",TEXT(A38,"mmmm")) -> março | D38: Betânia Pereira Pardinho | E38: =IFERROR(VLOOKUP(D38,Cadastro!$B$4:$H$100,2,FALSE),"") -> Enfermagem | F38: =IFERROR(VLOOKUP(D38,Cadastro!$B$4:$H$100,3,FALSE),"") -> R1 | G38: UBS Central | H38: Lidiane | I38: Prática | P38: =IF(OR(J38="",K38=""),0,(K38-J38)*24)+IF(OR(L38="",M38=""),0,(M38-L38)*24)+IF(OR(N38="",O38=""),0,(O38-N38)*24) -> 0 | Q38: =IF(OR(I38="Prática",I38="Teórico-prática"),P38,0) -> 0 | R38: =IF(OR(I38="Teórica",I38="Teórico-prática"),P38,0) -> 0
A39: 46085 | B39: =IF(A39="","",YEAR(A39)) -> 2026 | C39: =IF(A39="","",TEXT(A39,"mmmm")) -> março | D39: Betânia Pereira Pardinho | E39: =IFERROR(VLOOKUP(D39,Cadastro!$B$4:$H$100,2,FALSE),"") -> Enfermagem | F39: =IFERROR(VLOOKUP(D39,Cadastro!$B$4:$H$100,3,FALSE),"") -> R1 | G39: UBS Central | H39: Lidiane | I39: Prática | P39: =IF(OR(J39="",K39=""),0,(K39-J39)*24)+IF(OR(L39="",M39=""),0,(M39-L39)*24)+IF(OR(N39="",O39=""),0,(O39-N39)*24) -> 0 | Q39: =IF(OR(I39="Prática",I39="Teórico-prática"),P39,0) -> 0 | R39: =IF(OR(I39="Teórica",I39="Teórico-prática"),P39,0) -> 0
A40: 46086 | B40: =IF(A40="","",YEAR(A40)) -> 2026 | C40: =IF(A40="","",TEXT(A40,"mmmm")) -> março | D40: Betânia Pereira Pardinho | E40: =IFERROR(VLOOKUP(D40,Cadastro!$B$4:$H$100,2,FALSE),"") -> Enfermagem | F40: =IFERROR(VLOOKUP(D40,Cadastro!$B$4:$H$100,3,FALSE),"") -> R1 | G40: UBS Central | H40: Lidiane | I40: Prática | P40: =IF(OR(J40="",K40=""),0,(K40-J40)*24)+IF(OR(L40="",M40=""),0,(M40-L40)*24)+IF(OR(N40="",O40=""),0,(O40-N40)*24) -> 0 | Q40: =IF(OR(I40="Prática",I40="Teórico-prática"),P40,0) -> 0 | R40: =IF(OR(I40="Teórica",I40="Teórico-prática"),P40,0) -> 0
A41: 46087 | B41: =IF(A41="","",YEAR(A41)) -> 2026 | C41: =IF(A41="","",TEXT(A41,"mmmm")) -> março | D41: Betânia Pereira Pardinho | E41: =IFERROR(VLOOKUP(D41,Cadastro!$B$4:$H$100,2,FALSE),"") -> Enfermagem | F41: =IFERROR(VLOOKUP(D41,Cadastro!$B$4:$H$100,3,FALSE),"") -> R1 | G41: UBS Central | H41: Lidiane | I41: Prática | P41: =IF(OR(J41="",K41=""),0,(K41-J41)*24)+IF(OR(L41="",M41=""),0,(M41-L41)*24)+IF(OR(N41="",O41=""),0,(O41-N41)*24) -> 0 | Q41: =IF(OR(I41="Prática",I41="Teórico-prática"),P41,0) -> 0 | R41: =IF(OR(I41="Teórica",I41="Teórico-prática"),P41,0) -> 0
A42: 46088 | B42: =IF(A42="","",YEAR(A42)) -> 2026 | C42: =IF(A42="","",TEXT(A42,"mmmm")) -> março | D42: Betânia Pereira Pardinho | E42: =IFERROR(VLOOKUP(D42,Cadastro!$B$4:$H$100,2,FALSE),"") -> Enfermagem | F42: =IFERROR(VLOOKUP(D42,Cadastro!$B$4:$H$100,3,FALSE),"") -> R1 | G42: UBS Central | H42: Lidiane | I42: Prática | P42: =IF(OR(J42="",K42=""),0,(K42-J42)*24)+IF(OR(L42="",M42=""),0,(M42-L42)*24)+IF(OR(N42="",O42=""),0,(O42-N42)*24) -> 0 | Q42: =IF(OR(I42="Prática",I42="Teórico-prática"),P42,0) -> 0 | R42: =IF(OR(I42="Teórica",I42="Teórico-prática"),P42,0) -> 0
A43: 46089 | B43: =IF(A43="","",YEAR(A43)) -> 2026 | C43: =IF(A43="","",TEXT(A43,"mmmm")) -> março | D43: Betânia Pereira Pardinho | E43: =IFERROR(VLOOKUP(D43,Cadastro!$B$4:$H$100,2,FALSE),"") -> Enfermagem | F43: =IFERROR(VLOOKUP(D43,Cadastro!$B$4:$H$100,3,FALSE),"") -> R1 | G43: UBS Central | H43: Lidiane | I43: Prática | P43: =IF(OR(J43="",K43=""),0,(K43-J43)*24)+IF(OR(L43="",M43=""),0,(M43-L43)*24)+IF(OR(N43="",O43=""),0,(O43-N43)*24) -> 0 | Q43: =IF(OR(I43="Prática",I43="Teórico-prática"),P43,0) -> 0 | R43: =IF(OR(I43="Teórica",I43="Teórico-prática"),P43,0) -> 0
A44: 46090 | B44: =IF(A44="","",YEAR(A44)) -> 2026 | C44: =IF(A44="","",TEXT(A44,"mmmm")) -> março | D44: Betânia Pereira Pardinho | E44: =IFERROR(VLOOKUP(D44,[1]Cadastro!$B$4:$H$100,2,FALSE),"") -> Enfermagem | F44: =IFERROR(VLOOKUP(D44,[1]Cadastro!$B$4:$H$100,3,FALSE),"") -> R1 | G44: UBS Central | H44: Lidiane | I44: Prática | J44: 0.33333333 | K44: 0.70833333 | P44: =IF(OR(J44="",K44=""),0,(K44-J44)*24)+IF(OR(L44="",M44=""),0,(M44-L44)*24)+IF(OR(N44="",O44=""),0,(O44-N44)*24) -> 9 | Q44: =IF(OR(I44="Prática",I44="Teórico-prática"),P44,0) -> 9 | R44: =IF(OR(I44="Teórica",I44="Teórico-prática"),P44,0) -> 0
A45: 46091 | B45: =IF(A45="","",YEAR(A45)) -> 2026 | C45: =IF(A45="","",TEXT(A45,"mmmm")) -> março | D45: Betânia Pereira Pardinho | E45: =IFERROR(VLOOKUP(D45,[1]Cadastro!$B$4:$H$100,2,FALSE),"") -> Enfermagem | F45: =IFERROR(VLOOKUP(D45,[1]Cadastro!$B$4:$H$100,3,FALSE),"") -> R1 | G45: UBS Central | H45: Lidiane | I45: Prática | J45: 0.33333333 | K45: 0.70833333 | P45: =IF(OR(J45="",K45=""),0,(K45-J45)*24)+IF(OR(L45="",M45=""),0,(M45-L45)*24)+IF(OR(N45="",O45=""),0,(O45-N45)*24) -> 9 | Q45: =IF(OR(I45="Prática",I45="Teórico-prática"),P45,0) -> 9 | R45: =IF(OR(I45="Teórica",I45="Teórico-prática"),P45,0) -> 0
A46: 46092 | B46: =IF(A46="","",YEAR(A46)) -> 2026 | C46: =IF(A46="","",TEXT(A46,"mmmm")) -> março | D46: Betânia Pereira Pardinho | E46: =IFERROR(VLOOKUP(D46,[1]Cadastro!$B$4:$H$100,2,FALSE),"") -> Enfermagem | F46: =IFERROR(VLOOKUP(D46,[1]Cadastro!$B$4:$H$100,3,FALSE),"") -> R1 | G46: UBS Central | H46: Lidiane | I46: Prática | J46: 0.33333333 | K46: 0.70833333 | P46: =IF(OR(J46="",K46=""),0,(K46-J46)*24)+IF(OR(L46="",M46=""),0,(M46-L46)*24)+IF(OR(N46="",O46=""),0,(O46-N46)*24) -> 9 | Q46: =IF(OR(I46="Prática",I46="Teórico-prática"),P46,0) -> 9 | R46: =IF(OR(I46="Teórica",I46="Teórico-prática"),P46,0) -> 0
A47: 46093 | B47: =IF(A47="","",YEAR(A47)) -> 2026 | C47: =IF(A47="","",TEXT(A47,"mmmm")) -> março | D47: Betânia Pereira Pardinho | E47: =IFERROR(VLOOKUP(D47,[1]Cadastro!$B$4:$H$100,2,FALSE),"") -> Enfermagem | F47: =IFERROR(VLOOKUP(D47,[1]Cadastro!$B$4:$H$100,3,FALSE),"") -> R1 | G47: UBS Central | H47: Lidiane | I47: Prática | J47: 0.33333333 | K47: 0.70833333 | P47: =IF(OR(J47="",K47=""),0,(K47-J47)*24)+IF(OR(L47="",M47=""),0,(M47-L47)*24)+IF(OR(N47="",O47=""),0,(O47-N47)*24) -> 9 | Q47: =IF(OR(I47="Prática",I47="Teórico-prática"),P47,0) -> 9 | R47: =IF(OR(I47="Teórica",I47="Teórico-prática"),P47,0) -> 0
A48: 46094 | B48: =IF(A48="","",YEAR(A48)) -> 2026 | C48: =IF(A48="","",TEXT(A48,"mmmm")) -> março | D48: Betânia Pereira Pardinho | E48: =IFERROR(VLOOKUP(D48,[1]Cadastro!$B$4:$H$100,2,FALSE),"") -> Enfermagem | F48: =IFERROR(VLOOKUP(D48,[1]Cadastro!$B$4:$H$100,3,FALSE),"") -> R1 | G48: UBS Central | H48: Lidiane | I48: Prática | J48: 0.33333333 | K48: 0.70833333 | P48: =IF(OR(J48="",K48=""),0,(K48-J48)*24)+IF(OR(L48="",M48=""),0,(M48-L48)*24)+IF(OR(N48="",O48=""),0,(O48-N48)*24) -> 9 | Q48: =IF(OR(I48="Prática",I48="Teórico-prática"),P48,0) -> 9 | R48: =IF(OR(I48="Teórica",I48="Teórico-prática"),P48,0) -> 0
A49: 46095 | B49: =IF(A49="","",YEAR(A49)) -> 2026 | C49: =IF(A49="","",TEXT(A49,"mmmm")) -> março | D49: Betânia Pereira Pardinho | E49: =IFERROR(VLOOKUP(D49,[1]Cadastro!$B$4:$H$100,2,FALSE),"") -> Enfermagem | F49: =IFERROR(VLOOKUP(D49,[1]Cadastro!$B$4:$H$100,3,FALSE),"") -> R1 | G49: UBS Central | H49: Lidiane | I49: Prática | P49: =IF(OR(J49="",K49=""),0,(K49-J49)*24)+IF(OR(L49="",M49=""),0,(M49-L49)*24)+IF(OR(N49="",O49=""),0,(O49-N49)*24) -> 0 | Q49: =IF(OR(I49="Prática",I49="Teórico-prática"),P49,0) -> 0 | R49: =IF(OR(I49="Teórica",I49="Teórico-prática"),P49,0) -> 0
A50: 46096 | B50: =IF(A50="","",YEAR(A50)) -> 2026 | C50: =IF(A50="","",TEXT(A50,"mmmm")) -> março | D50: Betânia Pereira Pardinho | E50: =IFERROR(VLOOKUP(D50,[1]Cadastro!$B$4:$H$100,2,FALSE),"") -> Enfermagem | F50: =IFERROR(VLOOKUP(D50,[1]Cadastro!$B$4:$H$100,3,FALSE),"") -> R1 | G50: UBS Central | H50: Lidiane | I50: Prática | P50: =IF(OR(J50="",K50=""),0,(K50-J50)*24)+IF(OR(L50="",M50=""),0,(M50-L50)*24)+IF(OR(N50="",O50=""),0,(O50-N50)*24) -> 0 | Q50: =IF(OR(I50="Prática",I50="Teórico-prática"),P50,0) -> 0 | R50: =IF(OR(I50="Teórica",I50="Teórico-prática"),P50,0) -> 0
A51: 46097 | B51: =IF(A51="","",YEAR(A51)) -> 2026 | C51: =IF(A51="","",TEXT(A51,"mmmm")) -> março | D51: Betânia Pereira Pardinho | E51: =IFERROR(VLOOKUP(D51,[1]Cadastro!$B$4:$H$100,2,FALSE),"") -> Enfermagem | F51: =IFERROR(VLOOKUP(D51,[1]Cadastro!$B$4:$H$100,3,FALSE),"") -> R1 | G51: UBS Central | H51: Lidiane | I51: Prática | J51: 07:30 | K51: 12:12 | L51: 13:36 | M51: 17:32 | P51: =IF(OR(J51="",K51=""),0,(K51-J51)*24)+IF(OR(L51="",M51=""),0,(M51-L51)*24)+IF(OR(N51="",O51=""),0,(O51-N51)*24) -> 8.6333333 | Q51: =IF(OR(I51="Prática",I51="Teórico-prática"),P51,0) -> 8.6333333 | R51: =IF(OR(I51="Teórica",I51="Teórico-prática"),P51,0) -> 0
A52: 46098 | B52: =IF(A52="","",YEAR(A52)) -> 2026 | C52: =IF(A52="","",TEXT(A52,"mmmm")) -> março | D52: Betânia Pereira Pardinho | E52: =IFERROR(VLOOKUP(D52,[1]Cadastro!$B$4:$H$100,2,FALSE),"") -> Enfermagem | F52: =IFERROR(VLOOKUP(D52,[1]Cadastro!$B$4:$H$100,3,FALSE),"") -> R1 | G52: UBS Central | H52: Lidiane | I52: Prática | J52: 07:06 | K52: 0.50138889 | L52: 13:38 | M52: 17:40 | N52: 18:00 | O52: 21:00 | P52: =IF(OR(J52="",K52=""),0,(K52-J52)*24)+IF(OR(L52="",M52=""),0,(M52-L52)*24)+IF(OR(N52="",O52=""),0,(O52-N52)*24) -> 11.966667 | Q52: =IF(OR(I52="Prática",I52="Teórico-prática"),P52,0) -> 11.966667 | R52: =IF(OR(I52="Teórica",I52="Teórico-prática"),P52,0) -> 0
A53: 46099 | B53: =IF(A53="","",YEAR(A53)) -> 2026 | C53: =IF(A53="","",TEXT(A53,"mmmm")) -> março | D53: Betânia Pereira Pardinho | E53: =IFERROR(VLOOKUP(D53,[1]Cadastro!$B$4:$H$100,2,FALSE),"") -> Enfermagem | F53: =IFERROR(VLOOKUP(D53,[1]Cadastro!$B$4:$H$100,3,FALSE),"") -> R1 | G53: UBS Central | H53: Lidiane | I53: Prática | J53: 07:00 | K53: 12:15 | L53: 13:31 | M53: 17:33 | P53: =IF(OR(J53="",K53=""),0,(K53-J53)*24)+IF(OR(L53="",M53=""),0,(M53-L53)*24)+IF(OR(N53="",O53=""),0,(O53-N53)*24) -> 9.2833333 | Q53: =IF(OR(I53="Prática",I53="Teórico-prática"),P53,0) -> 9.2833333 | R53: =IF(OR(I53="Teórica",I53="Teórico-prática"),P53,0) -> 0
A54: 46100 | B54: =IF(A54="","",YEAR(A54)) -> 2026 | C54: =IF(A54="","",TEXT(A54,"mmmm")) -> março | D54: Betânia Pereira Pardinho | E54: =IFERROR(VLOOKUP(D54,[1]Cadastro!$B$4:$H$100,2,FALSE),"") -> Enfermagem | F54: =IFERROR(VLOOKUP(D54,[1]Cadastro!$B$4:$H$100,3,FALSE),"") -> R1 | G54: UBS Central | H54: Lidiane | I54: Prática | J54: 07:01 | K54: 12:05 | L54: 13:36 | M54: 17:38 | P54: =IF(OR(J54="",K54=""),0,(K54-J54)*24)+IF(OR(L54="",M54=""),0,(M54-L54)*24)+IF(OR(N54="",O54=""),0,(O54-N54)*24) -> 9.1 | Q54: =IF(OR(I54="Prática",I54="Teórico-prática"),P54,0) -> 9.1 | R54: =IF(OR(I54="Teórica",I54="Teórico-prática"),P54,0) -> 0
A55: 46101 | B55: =IF(A55="","",YEAR(A55)) -> 2026 | C55: =IF(A55="","",TEXT(A55,"mmmm")) -> março | D55: Betânia Pereira Pardinho | E55: =IFERROR(VLOOKUP(D55,[1]Cadastro!$B$4:$H$100,2,FALSE),"") -> Enfermagem | F55: =IFERROR(VLOOKUP(D55,[1]Cadastro!$B$4:$H$100,3,FALSE),"") -> R1 | G55: UBS Central | H55: Lidiane | I55: Prática | J55: 07:06 | K55: 12:08 | P55: =IF(OR(J55="",K55=""),0,(K55-J55)*24)+IF(OR(L55="",M55=""),0,(M55-L55)*24)+IF(OR(N55="",O55=""),0,(O55-N55)*24) -> 5.0333333 | Q55: =IF(OR(I55="Prática",I55="Teórico-prática"),P55,0) -> 5.0333333 | R55: =IF(OR(I55="Teórica",I55="Teórico-prática"),P55,0) -> 0
A56: 46102 | B56: =IF(A56="","",YEAR(A56)) -> 2026 | C56: =IF(A56="","",TEXT(A56,"mmmm")) -> março | D56: Betânia Pereira Pardinho | E56: =IFERROR(VLOOKUP(D56,[1]Cadastro!$B$4:$H$100,2,FALSE),"") -> Enfermagem | F56: =IFERROR(VLOOKUP(D56,[1]Cadastro!$B$4:$H$100,3,FALSE),"") -> R1 | G56: UBS Central | H56: Lidiane | I56: Prática | P56: =IF(OR(J56="",K56=""),0,(K56-J56)*24)+IF(OR(L56="",M56=""),0,(M56-L56)*24)+IF(OR(N56="",O56=""),0,(O56-N56)*24) -> 0 | Q56: =IF(OR(I56="Prática",I56="Teórico-prática"),P56,0) -> 0 | R56: =IF(OR(I56="Teórica",I56="Teórico-prática"),P56,0) -> 0
A57: 46103 | B57: =IF(A57="","",YEAR(A57)) -> 2026 | C57: =IF(A57="","",TEXT(A57,"mmmm")) -> março | D57: Betânia Pereira Pardinho | E57: =IFERROR(VLOOKUP(D57,[1]Cadastro!$B$4:$H$100,2,FALSE),"") -> Enfermagem | F57: =IFERROR(VLOOKUP(D57,[1]Cadastro!$B$4:$H$100,3,FALSE),"") -> R1 | G57: UBS Central | H57: Lidiane | I57: Prática | P57: =IF(OR(J57="",K57=""),0,(K57-J57)*24)+IF(OR(L57="",M57=""),0,(M57-L57)*24)+IF(OR(N57="",O57=""),0,(O57-N57)*24) -> 0 | Q57: =IF(OR(I57="Prática",I57="Teórico-prática"),P57,0) -> 0 | R57: =IF(OR(I57="Teórica",I57="Teórico-prática"),P57,0) -> 0
A58: 46104 | B58: =IF(A58="","",YEAR(A58)) -> 2026 | C58: =IF(A58="","",TEXT(A58,"mmmm")) -> março | D58: Betânia Pereira Pardinho | E58: =IFERROR(VLOOKUP(D58,[1]Cadastro!$B$4:$H$100,2,FALSE),"") -> Enfermagem | F58: =IFERROR(VLOOKUP(D58,[1]Cadastro!$B$4:$H$100,3,FALSE),"") -> R1 | G58: UBS Central | H58: Lidiane | I58: Prática | J58: 07:01 | K58: 12:04 | L58: 13:32 | M58: 17:35 | P58: =IF(OR(J58="",K58=""),0,(K58-J58)*24)+IF(OR(L58="",M58=""),0,(M58-L58)*24)+IF(OR(N58="",O58=""),0,(O58-N58)*24) -> 9.1 | Q58: =IF(OR(I58="Prática",I58="Teórico-prática"),P58,0) -> 9.1 | R58: =IF(OR(I58="Teórica",I58="Teórico-prática"),P58,0) -> 0
A59: 46105 | B59: =IF(A59="","",YEAR(A59)) -> 2026 | C59: =IF(A59="","",TEXT(A59,"mmmm")) -> março | D59: Betânia Pereira Pardinho | E59: =IFERROR(VLOOKUP(D59,[1]Cadastro!$B$4:$H$100,2,FALSE),"") -> Enfermagem | F59: =IFERROR(VLOOKUP(D59,[1]Cadastro!$B$4:$H$100,3,FALSE),"") -> R1 | G59: UBS Central | H59: Lidiane | I59: Prática | J59: 0.29722222 | K59: 12:06 | L59: 0.56805556 | M59: 17:50 | N59: 18:01 | O59: 20:50 | P59: =IF(OR(J59="",K59=""),0,(K59-J59)*24)+IF(OR(L59="",M59=""),0,(M59-L59)*24)+IF(OR(N59="",O59=""),0,(O59-N59)*24) -> 11.983333 | Q59: =IF(OR(I59="Prática",I59="Teórico-prática"),P59,0) -> 11.983333 | R59: =IF(OR(I59="Teórica",I59="Teórico-prática"),P59,0) -> 0
A60: 46106 | B60: =IF(A60="","",YEAR(A60)) -> 2026 | C60: =IF(A60="","",TEXT(A60,"mmmm")) -> março | D60: Betânia Pereira Pardinho | E60: =IFERROR(VLOOKUP(D60,[1]Cadastro!$B$4:$H$100,2,FALSE),"") -> Enfermagem | F60: =IFERROR(VLOOKUP(D60,[1]Cadastro!$B$4:$H$100,3,FALSE),"") -> R1 | G60: UBS Central | H60: Lidiane | I60: Prática | J60: 07:05 | K60: 0.66736111 | P60: =IF(OR(J60="",K60=""),0,(K60-J60)*24)+IF(OR(L60="",M60=""),0,(M60-L60)*24)+IF(OR(N60="",O60=""),0,(O60-N60)*24) -> 8.9333333 | Q60: =IF(OR(I60="Prática",I60="Teórico-prática"),P60,0) -> 8.9333333 | R60: =IF(OR(I60="Teórica",I60="Teórico-prática"),P60,0) -> 0
A61: 46107 | B61: =IF(A61="","",YEAR(A61)) -> 2026 | C61: =IF(A61="","",TEXT(A61,"mmmm")) -> março | D61: Betânia Pereira Pardinho | E61: =IFERROR(VLOOKUP(D61,[1]Cadastro!$B$4:$H$100,2,FALSE),"") -> Enfermagem | F61: =IFERROR(VLOOKUP(D61,[1]Cadastro!$B$4:$H$100,3,FALSE),"") -> R1 | G61: UBS Central | H61: Lidiane | I61: Prática | J61: 07:20 | K61: 0.43402778 | L61: 13:40 | M61: 17:50 | P61: =IF(OR(J61="",K61=""),0,(K61-J61)*24)+IF(OR(L61="",M61=""),0,(M61-L61)*24)+IF(OR(N61="",O61=""),0,(O61-N61)*24) -> 7.25 | Q61: =IF(OR(I61="Prática",I61="Teórico-prática"),P61,0) -> 7.25 | R61: =IF(OR(I61="Teórica",I61="Teórico-prática"),P61,0) -> 0
A62: 46108 | B62: =IF(A62="","",YEAR(A62)) -> 2026 | C62: =IF(A62="","",TEXT(A62,"mmmm")) -> março | D62: Betânia Pereira Pardinho | E62: =IFERROR(VLOOKUP(D62,[1]Cadastro!$B$4:$H$100,2,FALSE),"") -> Enfermagem | F62: =IFERROR(VLOOKUP(D62,[1]Cadastro!$B$4:$H$100,3,FALSE),"") -> R1 | G62: UBS Central | H62: Lidiane | I62: Prática | J62: 07:05 | K62: 11:59 | L62: 13:32 | M62: 17:35 | P62: =IF(OR(J62="",K62=""),0,(K62-J62)*24)+IF(OR(L62="",M62=""),0,(M62-L62)*24)+IF(OR(N62="",O62=""),0,(O62-N62)*24) -> 8.95 | Q62: =IF(OR(I62="Prática",I62="Teórico-prática"),P62,0) -> 8.95 | R62: =IF(OR(I62="Teórica",I62="Teórico-prática"),P62,0) -> 0
A63: 46109 | B63: =IF(A63="","",YEAR(A63)) -> 2026 | C63: =IF(A63="","",TEXT(A63,"mmmm")) -> março | D63: Betânia Pereira Pardinho | E63: =IFERROR(VLOOKUP(D63,[1]Cadastro!$B$4:$H$100,2,FALSE),"") -> Enfermagem | F63: =IFERROR(VLOOKUP(D63,[1]Cadastro!$B$4:$H$100,3,FALSE),"") -> R1 | G63: UBS Central | H63: Lidiane | I63: Prática | P63: =IF(OR(J63="",K63=""),0,(K63-J63)*24)+IF(OR(L63="",M63=""),0,(M63-L63)*24)+IF(OR(N63="",O63=""),0,(O63-N63)*24) -> 0 | Q63: =IF(OR(I63="Prática",I63="Teórico-prática"),P63,0) -> 0 | R63: =IF(OR(I63="Teórica",I63="Teórico-prática"),P63,0) -> 0
A64: 46110 | B64: =IF(A64="","",YEAR(A64)) -> 2026 | C64: =IF(A64="","",TEXT(A64,"mmmm")) -> março | D64: Betânia Pereira Pardinho | E64: =IFERROR(VLOOKUP(D64,[1]Cadastro!$B$4:$H$100,2,FALSE),"") -> Enfermagem | F64: =IFERROR(VLOOKUP(D64,[1]Cadastro!$B$4:$H$100,3,FALSE),"") -> R1 | G64: UBS Central | H64: Lidiane | I64: Prática | P64: =IF(OR(J64="",K64=""),0,(K64-J64)*24)+IF(OR(L64="",M64=""),0,(M64-L64)*24)+IF(OR(N64="",O64=""),0,(O64-N64)*24) -> 0 | Q64: =IF(OR(I64="Prática",I64="Teórico-prática"),P64,0) -> 0 | R64: =IF(OR(I64="Teórica",I64="Teórico-prática"),P64,0) -> 0
A65: 46111 | B65: =IF(A65="","",YEAR(A65)) -> 2026 | C65: =IF(A65="","",TEXT(A65,"mmmm")) -> março | D65: Betânia Pereira Pardinho | E65: =IFERROR(VLOOKUP(D65,[1]Cadastro!$B$4:$H$100,2,FALSE),"") -> Enfermagem | F65: =IFERROR(VLOOKUP(D65,[1]Cadastro!$B$4:$H$100,3,FALSE),"") -> R1 | G65: UBS Central | H65: Lidiane | I65: Prática | J65: 07:04 | K65: 12:09 | L65: 13:32 | M65: 17:31 | P65: =IF(OR(J65="",K65=""),0,(K65-J65)*24)+IF(OR(L65="",M65=""),0,(M65-L65)*24)+IF(OR(N65="",O65=""),0,(O65-N65)*24) -> 9.0666667 | Q65: =IF(OR(I65="Prática",I65="Teórico-prática"),P65,0) -> 9.0666667 | R65: =IF(OR(I65="Teórica",I65="Teórico-prática"),P65,0) -> 0
A66: 46112 | B66: =IF(A66="","",YEAR(A66)) -> 2026 | C66: =IF(A66="","",TEXT(A66,"mmmm")) -> março | D66: Betânia Pereira Pardinho | E66: =IFERROR(VLOOKUP(D66,[1]Cadastro!$B$4:$H$100,2,FALSE),"") -> Enfermagem | F66: =IFERROR(VLOOKUP(D66,[1]Cadastro!$B$4:$H$100,3,FALSE),"") -> R1 | G66: UBS Central | H66: Lidiane | I66: Prática | J66: 07:02 | K66: 0.50555556 | L66: 13:40 | M66: 17:35 | N66: 17:50 | O66: 21:00 | P66: =IF(OR(J66="",K66=""),0,(K66-J66)*24)+IF(OR(L66="",M66=""),0,(M66-L66)*24)+IF(OR(N66="",O66=""),0,(O66-N66)*24) -> 12.183333 | Q66: =IF(OR(I66="Prática",I66="Teórico-prática"),P66,0) -> 12.183333 | R66: =IF(OR(I66="Teórica",I66="Teórico-prática"),P66,0) -> 0
B67: =IF(A67="","",YEAR(A67)) | C67: =IF(A67="","",TEXT(A67,"mmmm")) | E67: =IFERROR(VLOOKUP(D67,Cadastro!$B$4:$H$100,2,FALSE),"") | F67: =IFERROR(VLOOKUP(D67,Cadastro!$B$4:$H$100,3,FALSE),"") | P67: =IF(OR(J67="",K67=""),0,(K67-J67)*24)+IF(OR(L67="",M67=""),0,(M67-L67)*24)+IF(OR(N67="",O67=""),0,(O67-N67)*24) -> 0 | Q67: =IF(OR(I67="Prática",I67="Teórico-prática"),P67,0) -> 0 | R67: =IF(OR(I67="Teórica",I67="Teórico-prática"),P67,0) -> 0
A68: 46082 | B68: =IF(A68="","",YEAR(A68)) -> 2026 | C68: =IF(A68="","",TEXT(A68,"mmmm")) -> março | D68: Paulo Fernandes Dos Santos | E68: =IFERROR(VLOOKUP(D68,Cadastro!$B$4:$H$100,2,FALSE),"") -> Farmácia | F68: =IFERROR(VLOOKUP(D68,Cadastro!$B$4:$H$100,3,FALSE),"") -> R1 | G68: Farmácia Municipal | H68: Larissa | I68: Prática | P68: =IF(OR(J68="",K68=""),0,(K68-J68)*24)+IF(OR(L68="",M68=""),0,(M68-L68)*24)+IF(OR(N68="",O68=""),0,(O68-N68)*24) -> 0 | Q68: =IF(OR(I68="Prática",I68="Teórico-prática"),P68,0) -> 0 | R68: =IF(OR(I68="Teórica",I68="Teórico-prática"),P68,0) -> 0
A69: 46083 | B69: =IF(A69="","",YEAR(A69)) -> 2026 | C69: =IF(A69="","",TEXT(A69,"mmmm")) -> março | D69: Paulo Fernandes Dos Santos | E69: =IFERROR(VLOOKUP(D69,Cadastro!$B$4:$H$100,2,FALSE),"") -> Farmácia | F69: =IFERROR(VLOOKUP(D69,Cadastro!$B$4:$H$100,3,FALSE),"") -> R1 | G69: Farmácia Municipal | H69: Larissa | I69: Prática | P69: =IF(OR(J69="",K69=""),0,(K69-J69)*24)+IF(OR(L69="",M69=""),0,(M69-L69)*24)+IF(OR(N69="",O69=""),0,(O69-N69)*24) -> 0 | Q69: =IF(OR(I69="Prática",I69="Teórico-prática"),P69,0) -> 0 | R69: =IF(OR(I69="Teórica",I69="Teórico-prática"),P69,0) -> 0
A70: 46084 | B70: =IF(A70="","",YEAR(A70)) -> 2026 | C70: =IF(A70="","",TEXT(A70,"mmmm")) -> março | D70: Paulo Fernandes Dos Santos | E70: =IFERROR(VLOOKUP(D70,Cadastro!$B$4:$H$100,2,FALSE),"") -> Farmácia | F70: =IFERROR(VLOOKUP(D70,Cadastro!$B$4:$H$100,3,FALSE),"") -> R1 | G70: Farmácia Municipal | H70: Larissa | I70: Prática | P70: =IF(OR(J70="",K70=""),0,(K70-J70)*24)+IF(OR(L70="",M70=""),0,(M70-L70)*24)+IF(OR(N70="",O70=""),0,(O70-N70)*24) -> 0 | Q70: =IF(OR(I70="Prática",I70="Teórico-prática"),P70,0) -> 0 | R70: =IF(OR(I70="Teórica",I70="Teórico-prática"),P70,0) -> 0
A71: 46085 | B71: =IF(A71="","",YEAR(A71)) -> 2026 | C71: =IF(A71="","",TEXT(A71,"mmmm")) -> março | D71: Paulo Fernandes Dos Santos | E71: =IFERROR(VLOOKUP(D71,Cadastro!$B$4:$H$100,2,FALSE),"") -> Farmácia | F71: =IFERROR(VLOOKUP(D71,Cadastro!$B$4:$H$100,3,FALSE),"") -> R1 | G71: Farmácia Municipal | H71: Larissa | I71: Prática | P71: =IF(OR(J71="",K71=""),0,(K71-J71)*24)+IF(OR(L71="",M71=""),0,(M71-L71)*24)+IF(OR(N71="",O71=""),0,(O71-N71)*24) -> 0 | Q71: =IF(OR(I71="Prática",I71="Teórico-prática"),P71,0) -> 0 | R71: =IF(OR(I71="Teórica",I71="Teórico-prática"),P71,0) -> 0
A72: 46086 | B72: =IF(A72="","",YEAR(A72)) -> 2026 | C72: =IF(A72="","",TEXT(A72,"mmmm")) -> março | D72: Paulo Fernandes Dos Santos | E72: =IFERROR(VLOOKUP(D72,Cadastro!$B$4:$H$100,2,FALSE),"") -> Farmácia | F72: =IFERROR(VLOOKUP(D72,Cadastro!$B$4:$H$100,3,FALSE),"") -> R1 | G72: Farmácia Municipal | H72: Larissa | I72: Prática | P72: =IF(OR(J72="",K72=""),0,(K72-J72)*24)+IF(OR(L72="",M72=""),0,(M72-L72)*24)+IF(OR(N72="",O72=""),0,(O72-N72)*24) -> 0 | Q72: =IF(OR(I72="Prática",I72="Teórico-prática"),P72,0) -> 0 | R72: =IF(OR(I72="Teórica",I72="Teórico-prática"),P72,0) -> 0
A73: 46087 | B73: =IF(A73="","",YEAR(A73)) -> 2026 | C73: =IF(A73="","",TEXT(A73,"mmmm")) -> março | D73: Paulo Fernandes Dos Santos | E73: =IFERROR(VLOOKUP(D73,Cadastro!$B$4:$H$100,2,FALSE),"") -> Farmácia | F73: =IFERROR(VLOOKUP(D73,Cadastro!$B$4:$H$100,3,FALSE),"") -> R1 | G73: Farmácia Municipal | H73: Larissa | I73: Prática | P73: =IF(OR(J73="",K73=""),0,(K73-J73)*24)+IF(OR(L73="",M73=""),0,(M73-L73)*24)+IF(OR(N73="",O73=""),0,(O73-N73)*24) -> 0 | Q73: =IF(OR(I73="Prática",I73="Teórico-prática"),P73,0) -> 0 | R73: =IF(OR(I73="Teórica",I73="Teórico-prática"),P73,0) -> 0
A74: 46088 | B74: =IF(A74="","",YEAR(A74)) -> 2026 | C74: =IF(A74="","",TEXT(A74,"mmmm")) -> março | D74: Paulo Fernandes Dos Santos | E74: =IFERROR(VLOOKUP(D74,Cadastro!$B$4:$H$100,2,FALSE),"") -> Farmácia | F74: =IFERROR(VLOOKUP(D74,Cadastro!$B$4:$H$100,3,FALSE),"") -> R1 | G74: Farmácia Municipal | H74: Larissa | I74: Prática | P74: =IF(OR(J74="",K74=""),0,(K74-J74)*24)+IF(OR(L74="",M74=""),0,(M74-L74)*24)+IF(OR(N74="",O74=""),0,(O74-N74)*24) -> 0 | Q74: =IF(OR(I74="Prática",I74="Teórico-prática"),P74,0) -> 0 | R74: =IF(OR(I74="Teórica",I74="Teórico-prática"),P74,0) -> 0
A75: 46089 | B75: =IF(A75="","",YEAR(A75)) -> 2026 | C75: =IF(A75="","",TEXT(A75,"mmmm")) -> março | D75: Paulo Fernandes Dos Santos | E75: =IFERROR(VLOOKUP(D75,Cadastro!$B$4:$H$100,2,FALSE),"") -> Farmácia | F75: =IFERROR(VLOOKUP(D75,Cadastro!$B$4:$H$100,3,FALSE),"") -> R1 | G75: Farmácia Municipal | H75: Larissa | I75: Prática | P75: =IF(OR(J75="",K75=""),0,(K75-J75)*24)+IF(OR(L75="",M75=""),0,(M75-L75)*24)+IF(OR(N75="",O75=""),0,(O75-N75)*24) -> 0 | Q75: =IF(OR(I75="Prática",I75="Teórico-prática"),P75,0) -> 0 | R75: =IF(OR(I75="Teórica",I75="Teórico-prática"),P75,0) -> 0
A76: 46090 | B76: =IF(A76="","",YEAR(A76)) -> 2026 | C76: =IF(A76="","",TEXT(A76,"mmmm")) -> março | D76: Paulo Fernandes Dos Santos | E76: =IFERROR(VLOOKUP(D76,[1]Cadastro!$B$4:$H$100,2,FALSE),"") -> Farmácia | F76: =IFERROR(VLOOKUP(D76,[1]Cadastro!$B$4:$H$100,3,FALSE),"") -> R1 | G76: Farmácia Municipal | H76: Larissa | I76: Prática | J76: 0.33333333 | K76: 0.70833333 | P76: =IF(OR(J76="",K76=""),0,(K76-J76)*24)+IF(OR(L76="",M76=""),0,(M76-L76)*24)+IF(OR(N76="",O76=""),0,(O76-N76)*24) -> 9 | Q76: =IF(OR(I76="Prática",I76="Teórico-prática"),P76,0) -> 9 | R76: =IF(OR(I76="Teórica",I76="Teórico-prática"),P76,0) -> 0
A77: 46091 | B77: =IF(A77="","",YEAR(A77)) -> 2026 | C77: =IF(A77="","",TEXT(A77,"mmmm")) -> março | D77: Paulo Fernandes Dos Santos | E77: =IFERROR(VLOOKUP(D77,[1]Cadastro!$B$4:$H$100,2,FALSE),"") -> Farmácia | F77: =IFERROR(VLOOKUP(D77,[1]Cadastro!$B$4:$H$100,3,FALSE),"") -> R1 | G77: Farmácia Municipal | H77: Larissa | I77: Prática | J77: 0.33333333 | K77: 0.70833333 | P77: =IF(OR(J77="",K77=""),0,(K77-J77)*24)+IF(OR(L77="",M77=""),0,(M77-L77)*24)+IF(OR(N77="",O77=""),0,(O77-N77)*24) -> 9 | Q77: =IF(OR(I77="Prática",I77="Teórico-prática"),P77,0) -> 9 | R77: =IF(OR(I77="Teórica",I77="Teórico-prática"),P77,0) -> 0
A78: 46092 | B78: =IF(A78="","",YEAR(A78)) -> 2026 | C78: =IF(A78="","",TEXT(A78,"mmmm")) -> março | D78: Paulo Fernandes Dos Santos | E78: =IFERROR(VLOOKUP(D78,[1]Cadastro!$B$4:$H$100,2,FALSE),"") -> Farmácia | F78: =IFERROR(VLOOKUP(D78,[1]Cadastro!$B$4:$H$100,3,FALSE),"") -> R1 | G78: Farmácia Municipal | H78: Larissa | I78: Prática | J78: 0.33333333 | K78: 0.70833333 | P78: =IF(OR(J78="",K78=""),0,(K78-J78)*24)+IF(OR(L78="",M78=""),0,(M78-L78)*24)+IF(OR(N78="",O78=""),0,(O78-N78)*24) -> 9 | Q78: =IF(OR(I78="Prática",I78="Teórico-prática"),P78,0) -> 9 | R78: =IF(OR(I78="Teórica",I78="Teórico-prática"),P78,0) -> 0
A79: 46093 | B79: =IF(A79="","",YEAR(A79)) -> 2026 | C79: =IF(A79="","",TEXT(A79,"mmmm")) -> março | D79: Paulo Fernandes Dos Santos | E79: =IFERROR(VLOOKUP(D79,[1]Cadastro!$B$4:$H$100,2,FALSE),"") -> Farmácia | F79: =IFERROR(VLOOKUP(D79,[1]Cadastro!$B$4:$H$100,3,FALSE),"") -> R1 | G79: Farmácia Municipal | H79: Larissa | I79: Prática | J79: 0.33333333 | K79: 0.70833333 | P79: =IF(OR(J79="",K79=""),0,(K79-J79)*24)+IF(OR(L79="",M79=""),0,(M79-L79)*24)+IF(OR(N79="",O79=""),0,(O79-N79)*24) -> 9 | Q79: =IF(OR(I79="Prática",I79="Teórico-prática"),P79,0) -> 9 | R79: =IF(OR(I79="Teórica",I79="Teórico-prática"),P79,0) -> 0
A80: 46094 | B80: =IF(A80="","",YEAR(A80)) -> 2026 | C80: =IF(A80="","",TEXT(A80,"mmmm")) -> março | D80: Paulo Fernandes Dos Santos | E80: =IFERROR(VLOOKUP(D80,[1]Cadastro!$B$4:$H$100,2,FALSE),"") -> Farmácia | F80: =IFERROR(VLOOKUP(D80,[1]Cadastro!$B$4:$H$100,3,FALSE),"") -> R1 | G80: Farmácia Municipal | H80: Larissa | I80: Prática | J80: 0.33333333 | K80: 0.70833333 | P80: =IF(OR(J80="",K80=""),0,(K80-J80)*24)+IF(OR(L80="",M80=""),0,(M80-L80)*24)+IF(OR(N80="",O80=""),0,(O80-N80)*24) -> 9 | Q80: =IF(OR(I80="Prática",I80="Teórico-prática"),P80,0) -> 9 | R80: =IF(OR(I80="Teórica",I80="Teórico-prática"),P80,0) -> 0
A81: 46095 | B81: =IF(A81="","",YEAR(A81)) -> 2026 | C81: =IF(A81="","",TEXT(A81,"mmmm")) -> março | D81: Paulo Fernandes Dos Santos | E81: =IFERROR(VLOOKUP(D81,[1]Cadastro!$B$4:$H$100,2,FALSE),"") -> Farmácia | F81: =IFERROR(VLOOKUP(D81,[1]Cadastro!$B$4:$H$100,3,FALSE),"") -> R1 | G81: Farmácia Municipal | H81: Larissa | I81: Prática | P81: =IF(OR(J81="",K81=""),0,(K81-J81)*24)+IF(OR(L81="",M81=""),0,(M81-L81)*24)+IF(OR(N81="",O81=""),0,(O81-N81)*24) -> 0 | Q81: =IF(OR(I81="Prática",I81="Teórico-prática"),P81,0) -> 0 | R81: =IF(OR(I81="Teórica",I81="Teórico-prática"),P81,0) -> 0
A82: 46096 | B82: =IF(A82="","",YEAR(A82)) -> 2026 | C82: =IF(A82="","",TEXT(A82,"mmmm")) -> março | D82: Paulo Fernandes Dos Santos | E82: =IFERROR(VLOOKUP(D82,[1]Cadastro!$B$4:$H$100,2,FALSE),"") -> Farmácia | F82: =IFERROR(VLOOKUP(D82,[1]Cadastro!$B$4:$H$100,3,FALSE),"") -> R1 | G82: Farmácia Municipal | H82: Larissa | I82: Prática | P82: =IF(OR(J82="",K82=""),0,(K82-J82)*24)+IF(OR(L82="",M82=""),0,(M82-L82)*24)+IF(OR(N82="",O82=""),0,(O82-N82)*24) -> 0 | Q82: =IF(OR(I82="Prática",I82="Teórico-prática"),P82,0) -> 0 | R82: =IF(OR(I82="Teórica",I82="Teórico-prática"),P82,0) -> 0
A83: 46097 | B83: =IF(A83="","",YEAR(A83)) -> 2026 | C83: =IF(A83="","",TEXT(A83,"mmmm")) -> março | D83: Paulo Fernandes Dos Santos | E83: =IFERROR(VLOOKUP(D83,[1]Cadastro!$B$4:$H$100,2,FALSE),"") -> Farmácia | F83: =IFERROR(VLOOKUP(D83,[1]Cadastro!$B$4:$H$100,3,FALSE),"") -> R1 | G83: Farmácia Municipal | H83: Larissa | I83: Prática | J83: 07:00 | K83: 12:01 | L83: 13:31 | M83: 17:30 | P83: =IF(OR(J83="",K83=""),0,(K83-J83)*24)+IF(OR(L83="",M83=""),0,(M83-L83)*24)+IF(OR(N83="",O83=""),0,(O83-N83)*24) -> 9 | Q83: =IF(OR(I83="Prática",I83="Teórico-prática"),P83,0) -> 9 | R83: =IF(OR(I83="Teórica",I83="Teórico-prática"),P83,0) -> 0
A84: 46098 | B84: =IF(A84="","",YEAR(A84)) -> 2026 | C84: =IF(A84="","",TEXT(A84,"mmmm")) -> março | D84: Paulo Fernandes Dos Santos | E84: =IFERROR(VLOOKUP(D84,[1]Cadastro!$B$4:$H$100,2,FALSE),"") -> Farmácia | F84: =IFERROR(VLOOKUP(D84,[1]Cadastro!$B$4:$H$100,3,FALSE),"") -> R1 | G84: Farmácia Municipal | H84: Larissa | I84: Prática | J84: 07:02 | K84: 12:00 | L84: 13:33 | M84: 17:31 | P84: =IF(OR(J84="",K84=""),0,(K84-J84)*24)+IF(OR(L84="",M84=""),0,(M84-L84)*24)+IF(OR(N84="",O84=""),0,(O84-N84)*24) -> 8.9333333 | Q84: =IF(OR(I84="Prática",I84="Teórico-prática"),P84,0) -> 8.9333333 | R84: =IF(OR(I84="Teórica",I84="Teórico-prática"),P84,0) -> 0
A85: 46099 | B85: =IF(A85="","",YEAR(A85)) -> 2026 | C85: =IF(A85="","",TEXT(A85,"mmmm")) -> março | D85: Paulo Fernandes Dos Santos | E85: =IFERROR(VLOOKUP(D85,[1]Cadastro!$B$4:$H$100,2,FALSE),"") -> Farmácia | F85: =IFERROR(VLOOKUP(D85,[1]Cadastro!$B$4:$H$100,3,FALSE),"") -> R1 | G85: Farmácia Municipal | H85: Larissa | I85: Prática | J85: 07:00 | K85: 0.78125 | P85: =IF(OR(J85="",K85=""),0,(K85-J85)*24)+IF(OR(L85="",M85=""),0,(M85-L85)*24)+IF(OR(N85="",O85=""),0,(O85-N85)*24) -> 11.75 | Q85: =IF(OR(I85="Prática",I85="Teórico-prática"),P85,0) -> 11.75 | R85: =IF(OR(I85="Teórica",I85="Teórico-prática"),P85,0) -> 0
A86: 46100 | B86: =IF(A86="","",YEAR(A86)) -> 2026 | C86: =IF(A86="","",TEXT(A86,"mmmm")) -> março | D86: Paulo Fernandes Dos Santos | E86: =IFERROR(VLOOKUP(D86,[1]Cadastro!$B$4:$H$100,2,FALSE),"") -> Farmácia | F86: =IFERROR(VLOOKUP(D86,[1]Cadastro!$B$4:$H$100,3,FALSE),"") -> R1 | G86: Farmácia Municipal | H86: Larissa | I86: Prática | J86: 07:01 | K86: 12:02 | L86: 13:03 | M86: 17:30 | P86: =IF(OR(J86="",K86=""),0,(K86-J86)*24)+IF(OR(L86="",M86=""),0,(M86-L86)*24)+IF(OR(N86="",O86=""),0,(O86-N86)*24) -> 9.4666667 | Q86: =IF(OR(I86="Prática",I86="Teórico-prática"),P86,0) -> 9.4666667 | R86: =IF(OR(I86="Teórica",I86="Teórico-prática"),P86,0) -> 0
A87: 46101 | B87: =IF(A87="","",YEAR(A87)) -> 2026 | C87: =IF(A87="","",TEXT(A87,"mmmm")) -> março | D87: Paulo Fernandes Dos Santos | E87: =IFERROR(VLOOKUP(D87,[1]Cadastro!$B$4:$H$100,2,FALSE),"") -> Farmácia | F87: =IFERROR(VLOOKUP(D87,[1]Cadastro!$B$4:$H$100,3,FALSE),"") -> R1 | G87: Farmácia Municipal | H87: Larissa | I87: Prática | J87: 07:02 | K87: 0.73125 | P87: =IF(OR(J87="",K87=""),0,(K87-J87)*24)+IF(OR(L87="",M87=""),0,(M87-L87)*24)+IF(OR(N87="",O87=""),0,(O87-N87)*24) -> 10.516667 | Q87: =IF(OR(I87="Prática",I87="Teórico-prática"),P87,0) -> 10.516667 | R87: =IF(OR(I87="Teórica",I87="Teórico-prática"),P87,0) -> 0
A88: 46102 | B88: =IF(A88="","",YEAR(A88)) -> 2026 | C88: =IF(A88="","",TEXT(A88,"mmmm")) -> março | D88: Paulo Fernandes Dos Santos | E88: =IFERROR(VLOOKUP(D88,[1]Cadastro!$B$4:$H$100,2,FALSE),"") -> Farmácia | F88: =IFERROR(VLOOKUP(D88,[1]Cadastro!$B$4:$H$100,3,FALSE),"") -> R1 | G88: Farmácia Municipal | H88: Larissa | I88: Prática | P88: =IF(OR(J88="",K88=""),0,(K88-J88)*24)+IF(OR(L88="",M88=""),0,(M88-L88)*24)+IF(OR(N88="",O88=""),0,(O88-N88)*24) -> 0 | Q88: =IF(OR(I88="Prática",I88="Teórico-prática"),P88,0) -> 0 | R88: =IF(OR(I88="Teórica",I88="Teórico-prática"),P88,0) -> 0
A89: 46103 | B89: =IF(A89="","",YEAR(A89)) -> 2026 | C89: =IF(A89="","",TEXT(A89,"mmmm")) -> março | D89: Paulo Fernandes Dos Santos | E89: =IFERROR(VLOOKUP(D89,[1]Cadastro!$B$4:$H$100,2,FALSE),"") -> Farmácia | F89: =IFERROR(VLOOKUP(D89,[1]Cadastro!$B$4:$H$100,3,FALSE),"") -> R1 | G89: Farmácia Municipal | H89: Larissa | I89: Prática | P89: =IF(OR(J89="",K89=""),0,(K89-J89)*24)+IF(OR(L89="",M89=""),0,(M89-L89)*24)+IF(OR(N89="",O89=""),0,(O89-N89)*24) -> 0 | Q89: =IF(OR(I89="Prática",I89="Teórico-prática"),P89,0) -> 0 | R89: =IF(OR(I89="Teórica",I89="Teórico-prática"),P89,0) -> 0
A90: 46104 | B90: =IF(A90="","",YEAR(A90)) -> 2026 | C90: =IF(A90="","",TEXT(A90,"mmmm")) -> março | D90: Paulo Fernandes Dos Santos | E90: =IFERROR(VLOOKUP(D90,[1]Cadastro!$B$4:$H$100,2,FALSE),"") -> Farmácia | F90: =IFERROR(VLOOKUP(D90,[1]Cadastro!$B$4:$H$100,3,FALSE),"") -> R1 | G90: Farmácia Municipal | H90: Larissa | I90: Prática | J90: 0.29444444 | K90: 0.50347222 | L90: 0.54305556 | M90: 0.72986111 | P90: =IF(OR(J90="",K90=""),0,(K90-J90)*24)+IF(OR(L90="",M90=""),0,(M90-L90)*24)+IF(OR(N90="",O90=""),0,(O90-N90)*24) -> 9.5 | Q90: =IF(OR(I90="Prática",I90="Teórico-prática"),P90,0) -> 9.5 | R90: =IF(OR(I90="Teórica",I90="Teórico-prática"),P90,0) -> 0
A91: 46105 | B91: =IF(A91="","",YEAR(A91)) -> 2026 | C91: =IF(A91="","",TEXT(A91,"mmmm")) -> março | D91: Paulo Fernandes Dos Santos | E91: =IFERROR(VLOOKUP(D91,[1]Cadastro!$B$4:$H$100,2,FALSE),"") -> Farmácia | F91: =IFERROR(VLOOKUP(D91,[1]Cadastro!$B$4:$H$100,3,FALSE),"") -> R1 | G91: Farmácia Municipal | H91: Larissa | I91: Prática | J91: 0.29166667 | K91: 0.50208333 | L91: 0.56527778 | M91: 0.73055556 | P91: =IF(OR(J91="",K91=""),0,(K91-J91)*24)+IF(OR(L91="",M91=""),0,(M91-L91)*24)+IF(OR(N91="",O91=""),0,(O91-N91)*24) -> 9.0166667 | Q91: =IF(OR(I91="Prática",I91="Teórico-prática"),P91,0) -> 9.0166667 | R91: =IF(OR(I91="Teórica",I91="Teórico-prática"),P91,0) -> 0
A92: 46106 | B92: =IF(A92="","",YEAR(A92)) -> 2026 | C92: =IF(A92="","",TEXT(A92,"mmmm")) -> março | D92: Paulo Fernandes Dos Santos | E92: =IFERROR(VLOOKUP(D92,[1]Cadastro!$B$4:$H$100,2,FALSE),"") -> Farmácia | F92: =IFERROR(VLOOKUP(D92,[1]Cadastro!$B$4:$H$100,3,FALSE),"") -> R1 | G92: Farmácia Municipal | H92: Larissa | I92: Prática | J92: 0.29375 | K92: 0.72916667 | P92: =IF(OR(J92="",K92=""),0,(K92-J92)*24)+IF(OR(L92="",M92=""),0,(M92-L92)*24)+IF(OR(N92="",O92=""),0,(O92-N92)*24) -> 10.45 | Q92: =IF(OR(I92="Prática",I92="Teórico-prática"),P92,0) -> 10.45 | R92: =IF(OR(I92="Teórica",I92="Teórico-prática"),P92,0) -> 0
A93: 46107 | B93: =IF(A93="","",YEAR(A93)) -> 2026 | C93: =IF(A93="","",TEXT(A93,"mmmm")) -> março | D93: Paulo Fernandes Dos Santos | E93: =IFERROR(VLOOKUP(D93,[1]Cadastro!$B$4:$H$100,2,FALSE),"") -> Farmácia | F93: =IFERROR(VLOOKUP(D93,[1]Cadastro!$B$4:$H$100,3,FALSE),"") -> R1 | G93: Farmácia Municipal | H93: Larissa | I93: Ausência justificada | P93: =IF(OR(J93="",K93=""),0,(K93-J93)*24)+IF(OR(L93="",M93=""),0,(M93-L93)*24)+IF(OR(N93="",O93=""),0,(O93-N93)*24) -> 0 | Q93: =IF(OR(I93="Prática",I93="Teórico-prática"),P93,0) -> 0 | R93: =IF(OR(I93="Teórica",I93="Teórico-prática"),P93,0) -> 0
A94: 46108 | B94: =IF(A94="","",YEAR(A94)) -> 2026 | C94: =IF(A94="","",TEXT(A94,"mmmm")) -> março | D94: Paulo Fernandes Dos Santos | E94: =IFERROR(VLOOKUP(D94,[1]Cadastro!$B$4:$H$100,2,FALSE),"") -> Farmácia | F94: =IFERROR(VLOOKUP(D94,[1]Cadastro!$B$4:$H$100,3,FALSE),"") -> R1 | G94: Farmácia Municipal | H94: Larissa | I94: Ausência justificada | P94: =IF(OR(J94="",K94=""),0,(K94-J94)*24)+IF(OR(L94="",M94=""),0,(M94-L94)*24)+IF(OR(N94="",O94=""),0,(O94-N94)*24) -> 0 | Q94: =IF(OR(I94="Prática",I94="Teórico-prática"),P94,0) -> 0 | R94: =IF(OR(I94="Teórica",I94="Teórico-prática"),P94,0) -> 0
A95: 46109 | B95: =IF(A95="","",YEAR(A95)) -> 2026 | C95: =IF(A95="","",TEXT(A95,"mmmm")) -> março | D95: Paulo Fernandes Dos Santos | E95: =IFERROR(VLOOKUP(D95,[1]Cadastro!$B$4:$H$100,2,FALSE),"") -> Farmácia | F95: =IFERROR(VLOOKUP(D95,[1]Cadastro!$B$4:$H$100,3,FALSE),"") -> R1 | G95: Farmácia Municipal | H95: Larissa | I95: Prática | P95: =IF(OR(J95="",K95=""),0,(K95-J95)*24)+IF(OR(L95="",M95=""),0,(M95-L95)*24)+IF(OR(N95="",O95=""),0,(O95-N95)*24) -> 0 | Q95: =IF(OR(I95="Prática",I95="Teórico-prática"),P95,0) -> 0 | R95: =IF(OR(I95="Teórica",I95="Teórico-prática"),P95,0) -> 0
A96: 46110 | B96: =IF(A96="","",YEAR(A96)) -> 2026 | C96: =IF(A96="","",TEXT(A96,"mmmm")) -> março | D96: Paulo Fernandes Dos Santos | E96: =IFERROR(VLOOKUP(D96,[1]Cadastro!$B$4:$H$100,2,FALSE),"") -> Farmácia | F96: =IFERROR(VLOOKUP(D96,[1]Cadastro!$B$4:$H$100,3,FALSE),"") -> R1 | G96: Farmácia Municipal | H96: Larissa | I96: Prática | P96: =IF(OR(J96="",K96=""),0,(K96-J96)*24)+IF(OR(L96="",M96=""),0,(M96-L96)*24)+IF(OR(N96="",O96=""),0,(O96-N96)*24) -> 0 | Q96: =IF(OR(I96="Prática",I96="Teórico-prática"),P96,0) -> 0 | R96: =IF(OR(I96="Teórica",I96="Teórico-prática"),P96,0) -> 0
A97: 46111 | B97: =IF(A97="","",YEAR(A97)) -> 2026 | C97: =IF(A97="","",TEXT(A97,"mmmm")) -> março | D97: Paulo Fernandes Dos Santos | E97: =IFERROR(VLOOKUP(D97,[1]Cadastro!$B$4:$H$100,2,FALSE),"") -> Farmácia | F97: =IFERROR(VLOOKUP(D97,[1]Cadastro!$B$4:$H$100,3,FALSE),"") -> R1 | G97: Farmácia Municipal | H97: Larissa | I97: Ausência justificada | P97: =IF(OR(J97="",K97=""),0,(K97-J97)*24)+IF(OR(L97="",M97=""),0,(M97-L97)*24)+IF(OR(N97="",O97=""),0,(O97-N97)*24) -> 0 | Q97: =IF(OR(I97="Prática",I97="Teórico-prática"),P97,0) -> 0 | R97: =IF(OR(I97="Teórica",I97="Teórico-prática"),P97,0) -> 0
A98: 46112 | B98: =IF(A98="","",YEAR(A98)) -> 2026 | C98: =IF(A98="","",TEXT(A98,"mmmm")) -> março | D98: Paulo Fernandes Dos Santos | E98: =IFERROR(VLOOKUP(D98,[1]Cadastro!$B$4:$H$100,2,FALSE),"") -> Farmácia | F98: =IFERROR(VLOOKUP(D98,[1]Cadastro!$B$4:$H$100,3,FALSE),"") -> R1 | G98: Farmácia Municipal | H98: Larissa | I98: Prática | J98: 0.29236111 | K98: 0.73263889 | P98: =IF(OR(J98="",K98=""),0,(K98-J98)*24)+IF(OR(L98="",M98=""),0,(M98-L98)*24)+IF(OR(N98="",O98=""),0,(O98-N98)*24) -> 10.566667 | Q98: =IF(OR(I98="Prática",I98="Teórico-prática"),P98,0) -> 10.566667 | R98: =IF(OR(I98="Teórica",I98="Teórico-prática"),P98,0) -> 0
B99: =IF(A99="","",YEAR(A99)) | C99: =IF(A99="","",TEXT(A99,"mmmm")) | E99: =IFERROR(VLOOKUP(D99,Cadastro!$B$4:$H$100,2,FALSE),"") | F99: =IFERROR(VLOOKUP(D99,Cadastro!$B$4:$H$100,3,FALSE),"") | P99: =IF(OR(J99="",K99=""),0,(K99-J99)*24)+IF(OR(L99="",M99=""),0,(M99-L99)*24)+IF(OR(N99="",O99=""),0,(O99-N99)*24) -> 0 | Q99: =IF(OR(I99="Prática",I99="Teórico-prática"),P99,0) -> 0 | R99: =IF(OR(I99="Teórica",I99="Teórico-prática"),P99,0) -> 0
A100: 46082 | B100: =IF(A100="","",YEAR(A100)) -> 2026 | C100: =IF(A100="","",TEXT(A100,"mmmm")) -> março | D100: Maria Neves Lopes Menezes | E100: =IFERROR(VLOOKUP(D100,Cadastro!$B$4:$H$100,2,FALSE),"") -> Fisioterapia | F100: =IFERROR(VLOOKUP(D100,Cadastro!$B$4:$H$100,3,FALSE),"") -> R1 | G100: eMulti/SAD | H100: Daniele | I100: Prática | P100: =IF(OR(J100="",K100=""),0,(K100-J100)*24)+IF(OR(L100="",M100=""),0,(M100-L100)*24)+IF(OR(N100="",O100=""),0,(O100-N100)*24) -> 0 | Q100: =IF(OR(I100="Prática",I100="Teórico-prática"),P100,0) -> 0 | R100: =IF(OR(I100="Teórica",I100="Teórico-prática"),P100,0) -> 0
A101: 46083 | B101: =IF(A101="","",YEAR(A101)) -> 2026 | C101: =IF(A101="","",TEXT(A101,"mmmm")) -> março | D101: Maria Neves Lopes Menezes | E101: =IFERROR(VLOOKUP(D101,Cadastro!$B$4:$H$100,2,FALSE),"") -> Fisioterapia | F101: =IFERROR(VLOOKUP(D101,Cadastro!$B$4:$H$100,3,FALSE),"") -> R1 | G101: eMulti/SAD | H101: Daniele | I101: Prática | P101: =IF(OR(J101="",K101=""),0,(K101-J101)*24)+IF(OR(L101="",M101=""),0,(M101-L101)*24)+IF(OR(N101="",O101=""),0,(O101-N101)*24) -> 0 | Q101: =IF(OR(I101="Prática",I101="Teórico-prática"),P101,0) -> 0 | R101: =IF(OR(I101="Teórica",I101="Teórico-prática"),P101,0) -> 0
...

Sheet Dashboard
A1: DASHBOARD DA RESIDÊNCIA MULTIPROFISSIONAL
A3: Indicador | B3: Valor | D3: Residente | E3: Profissão | F3: Período | G3: Situação | H3: CH realizada | I3: CH prática | J3: CH teórica | K3: % anual | M3: Profissão | N3: Nº residentes
A4: Total de residentes | B4: =COUNTA(Cadastro!$B$4:$B$100) -> 9 | D4: =Cadastro!B4 -> Daniely Kunrath | E4: =Cadastro!C4 -> Enfermagem | F4: =Cadastro!D4 -> R1 | G4: =Cadastro!F4 -> ATIVO | H4: =IF(D4="","",SUMIF(Frequencia!$D:$D,D4,Frequencia!$P:$P)) -> 161.65 | I4: =IF(D4="","",SUMIF(Frequencia!$D:$D,D4,Frequencia!$Q:$Q)) -> 161.65 | J4: =IF(D4="","",SUMIF(Frequencia!$D:$D,D4,Frequencia!$R:$R)) -> 0 | K4: =IF(D4="","",H4/Configurações!$I$5) -> 0.056128472 | M4: Enfermagem | N4: =COUNTIF(Cadastro!$C$4:$C$100,M4) -> 2
A5: Ativos | B5: =COUNTIF(Cadastro!$F$4:$F$100,"ATIVO") -> 9 | D5: =Cadastro!B5 -> Betânia Pereira Pardinho | E5: =Cadastro!C5 -> Enfermagem | F5: =Cadastro!D5 -> R1 | G5: =Cadastro!F5 -> ATIVO | H5: =IF(D5="","",SUMIF(Frequencia!$D:$D,D5,Frequencia!$P:$P)) -> 156.48333 | I5: =IF(D5="","",SUMIF(Frequencia!$D:$D,D5,Frequencia!$Q:$Q)) -> 156.48333 | J5: =IF(D5="","",SUMIF(Frequencia!$D:$D,D5,Frequencia!$R:$R)) -> 0 | K5: =IF(D5="","",H5/Configurações!$I$5) -> 0.054334491 | M5: Farmácia | N5: =COUNTIF(Cadastro!$C$4:$C$100,M5) -> 1
A6: R1 | B6: =COUNTIF(Cadastro!$D$4:$D$100,"R1") -> 9 | D6: =Cadastro!B6 -> Paulo Fernandes Dos Santos | E6: =Cadastro!C6 -> Farmácia | F6: =Cadastro!D6 -> R1 | G6: =Cadastro!F6 -> ATIVO | H6: =IF(D6="","",SUMIF(Frequencia!$D:$D,D6,Frequencia!$P:$P)) -> 134.2 | I6: =IF(D6="","",SUMIF(Frequencia!$D:$D,D6,Frequencia!$Q:$Q)) -> 134.2 | J6: =IF(D6="","",SUMIF(Frequencia!$D:$D,D6,Frequencia!$R:$R)) -> 0 | K6: =IF(D6="","",H6/Configurações!$I$5) -> 0.046597222 | M6: Fisioterapia | N6: =COUNTIF(Cadastro!$C$4:$C$100,M6) -> 1
A7: R2 | B7: =COUNTIF(Cadastro!$D$4:$D$100,"R2") -> 0 | D7: =Cadastro!B7 -> Maria Neves Lopes Menezes | E7: =Cadastro!C7 -> Fisioterapia | F7: =Cadastro!D7 -> R1 | G7: =Cadastro!F7 -> ATIVO | H7: =IF(D7="","",SUMIF(Frequencia!$D:$D,D7,Frequencia!$P:$P)) -> #REF! | I7: =IF(D7="","",SUMIF(Frequencia!$D:$D,D7,Frequencia!$Q:$Q)) -> #REF! | J7: =IF(D7="","",SUMIF(Frequencia!$D:$D,D7,Frequencia!$R:$R)) -> 0 | K7: =IF(D7="","",H7/Configurações!$I$5) -> #REF! | M7: Nutrição | N7: =COUNTIF(Cadastro!$C$4:$C$100,M7) -> 1
A8: CH total do programa | B8: =Configurações!$I$4 -> 5760 | D8: =Cadastro!B8 -> Benedito Tales Santos Sousa | E8: =Cadastro!C8 -> Nutrição | F8: =Cadastro!D8 -> R1 | G8: =Cadastro!F8 -> ATIVO | H8: =IF(D8="","",SUMIF(Frequencia!$D:$D,D8,Frequencia!$P:$P)) -> 0 | I8: =IF(D8="","",SUMIF(Frequencia!$D:$D,D8,Frequencia!$Q:$Q)) -> 0 | J8: =IF(D8="","",SUMIF(Frequencia!$D:$D,D8,Frequencia!$R:$R)) -> 0 | K8: =IF(D8="","",H8/Configurações!$I$5) -> 0 | M8: Psicologia | N8: =COUNTIF(Cadastro!$C$4:$C$100,M8) -> 1
A9: CH anual | B9: =Configurações!$I$5 -> 2880 | D9: =Cadastro!B9 -> Andrea Raissa Bonfim Medeiros | E9: =Cadastro!C9 -> Odontologia | F9: =Cadastro!D9 -> R1 | G9: =Cadastro!F9 -> ATIVO | H9: =IF(D9="","",SUMIF(Frequencia!$D:$D,D9,Frequencia!$P:$P)) -> 0 | I9: =IF(D9="","",SUMIF(Frequencia!$D:$D,D9,Frequencia!$Q:$Q)) -> 0 | J9: =IF(D9="","",SUMIF(Frequencia!$D:$D,D9,Frequencia!$R:$R)) -> 0 | K9: =IF(D9="","",H9/Configurações!$I$5) -> 0 | M9: Assistente Social | N9: =COUNTIF(Cadastro!$C$4:$C$100,M9) -> 1
A10: Meta teórica anual | B10: =Configurações!$I$6 -> 576 | D10: =Cadastro!B10 -> Fabiana Martins Vieira | E10: =Cadastro!C10 -> Odontologia | F10: =Cadastro!D10 -> R1 | G10: =Cadastro!F10 -> ATIVO | H10: =IF(D10="","",SUMIF(Frequencia!$D:$D,D10,Frequencia!$P:$P)) -> 0 | I10: =IF(D10="","",SUMIF(Frequencia!$D:$D,D10,Frequencia!$Q:$Q)) -> 0 | J10: =IF(D10="","",SUMIF(Frequencia!$D:$D,D10,Frequencia!$R:$R)) -> 0 | K10: =IF(D10="","",H10/Configurações!$I$5) -> 0 | M10: Fonoaudiologia | N10: =COUNTIF(Cadastro!$C$4:$C$100,M10) -> 0
A11: Meta prática anual | B11: =Configurações!$I$7 -> 2304 | D11: =Cadastro!B11 -> Pamela Daniele De Sousa | E11: =Cadastro!C11 -> Psicologia | F11: =Cadastro!D11 -> R1 | G11: =Cadastro!F11 -> ATIVO | H11: =IF(D11="","",SUMIF(Frequencia!$D:$D,D11,Frequencia!$P:$P)) -> 0 | I11: =IF(D11="","",SUMIF(Frequencia!$D:$D,D11,Frequencia!$Q:$Q)) -> 0 | J11: =IF(D11="","",SUMIF(Frequencia!$D:$D,D11,Frequencia!$R:$R)) -> 0 | K11: =IF(D11="","",H11/Configurações!$I$5) -> 0 | M11: Odontologia | N11: =COUNTIF(Cadastro!$C$4:$C$100,M11) -> 2
D12: =Cadastro!B12 -> Marcia Sales Belfort | E12: =Cadastro!C12 -> Assistente Social | F12: =Cadastro!D12 -> R1 | G12: =Cadastro!F12 -> ATIVO | H12: =IF(D12="","",SUMIF(Frequencia!$D:$D,D12,Frequencia!$P:$P)) -> 0 | I12: =IF(D12="","",SUMIF(Frequencia!$D:$D,D12,Frequencia!$Q:$Q)) -> 0 | J12: =IF(D12="","",SUMIF(Frequencia!$D:$D,D12,Frequencia!$R:$R)) -> 0 | K12: =IF(D12="","",H12/Configurações!$I$5) -> 0
D13: =Cadastro!B13 -> 0 | E13: =Cadastro!C13 -> 0 | F13: =Cadastro!D13 -> 0 | G13: =Cadastro!F13 -> 0 | H13: =IF(D13="","",SUMIF(Frequencia!$D:$D,D13,Frequencia!$P:$P)) -> 0 | I13: =IF(D13="","",SUMIF(Frequencia!$D:$D,D13,Frequencia!$Q:$Q)) -> 0 | J13: =IF(D13="","",SUMIF(Frequencia!$D:$D,D13,Frequencia!$R:$R)) -> 0 | K13: =IF(D13="","",H13/Configurações!$I$5) -> 0
D14: =Cadastro!B14 -> 0 | E14: =Cadastro!C14 -> 0 | F14: =Cadastro!D14 -> 0 | G14: =Cadastro!F14 -> 0 | H14: =IF(D14="","",SUMIF(Frequencia!$D:$D,D14,Frequencia!$P:$P)) -> 0 | I14: =IF(D14="","",SUMIF(Frequencia!$D:$D,D14,Frequencia!$Q:$Q)) -> 0 | J14: =IF(D14="","",SUMIF(Frequencia!$D:$D,D14,Frequencia!$R:$R)) -> 0 | K14: =IF(D14="","",H14/Configurações!$I$5) -> 0
D15: =Cadastro!B15 -> 0 | E15: =Cadastro!C15 -> 0 | F15: =Cadastro!D15 -> 0 | G15: =Cadastro!F15 -> 0 | H15: =IF(D15="","",SUMIF(Frequencia!$D:$D,D15,Frequencia!$P:$P)) -> 0 | I15: =IF(D15="","",SUMIF(Frequencia!$D:$D,D15,Frequencia!$Q:$Q)) -> 0 | J15: =IF(D15="","",SUMIF(Frequencia!$D:$D,D15,Frequencia!$R:$R)) -> 0 | K15: =IF(D15="","",H15/Configurações!$I$5) -> 0
D16: =Cadastro!B16 -> 0 | E16: =Cadastro!C16 -> 0 | F16: =Cadastro!D16 -> 0 | G16: =Cadastro!F16 -> 0 | H16: =IF(D16="","",SUMIF(Frequencia!$D:$D,D16,Frequencia!$P:$P)) -> 0 | I16: =IF(D16="","",SUMIF(Frequencia!$D:$D,D16,Frequencia!$Q:$Q)) -> 0 | J16: =IF(D16="","",SUMIF(Frequencia!$D:$D,D16,Frequencia!$R:$R)) -> 0 | K16: =IF(D16="","",H16/Configurações!$I$5) -> 0
D17: =Cadastro!B17 -> 0 | E17: =Cadastro!C17 -> 0 | F17: =Cadastro!D17 -> 0 | G17: =Cadastro!F17 -> 0 | H17: =IF(D17="","",SUMIF(Frequencia!$D:$D,D17,Frequencia!$P:$P)) -> 0 | I17: =IF(D17="","",SUMIF(Frequencia!$D:$D,D17,Frequencia!$Q:$Q)) -> 0 | J17: =IF(D17="","",SUMIF(Frequencia!$D:$D,D17,Frequencia!$R:$R)) -> 0 | K17: =IF(D17="","",H17/Configurações!$I$5) -> 0
D18: =Cadastro!B18 -> 0 | E18: =Cadastro!C18 -> 0 | F18: =Cadastro!D18 -> 0 | G18: =Cadastro!F18 -> 0 | H18: =IF(D18="","",SUMIF(Frequencia!$D:$D,D18,Frequencia!$P:$P)) -> 0 | I18: =IF(D18="","",SUMIF(Frequencia!$D:$D,D18,Frequencia!$Q:$Q)) -> 0 | J18: =IF(D18="","",SUMIF(Frequencia!$D:$D,D18,Frequencia!$R:$R)) -> 0 | K18: =IF(D18="","",H18/Configurações!$I$5) -> 0
D19: =Cadastro!B19 -> 0 | E19: =Cadastro!C19 -> 0 | F19: =Cadastro!D19 -> 0 | G19: =Cadastro!F19 -> 0 | H19: =IF(D19="","",SUMIF(Frequencia!$D:$D,D19,Frequencia!$P:$P)) -> 0 | I19: =IF(D19="","",SUMIF(Frequencia!$D:$D,D19,Frequencia!$Q:$Q)) -> 0 | J19: =IF(D19="","",SUMIF(Frequencia!$D:$D,D19,Frequencia!$R:$R)) -> 0 | K19: =IF(D19="","",H19/Configurações!$I$5) -> 0
D20: =Cadastro!B20 -> 0 | E20: =Cadastro!C20 -> 0 | F20: =Cadastro!D20 -> 0 | G20: =Cadastro!F20 -> 0 | H20: =IF(D20="","",SUMIF(Frequencia!$D:$D,D20,Frequencia!$P:$P)) -> 0 | I20: =IF(D20="","",SUMIF(Frequencia!$D:$D,D20,Frequencia!$Q:$Q)) -> 0 | J20: =IF(D20="","",SUMIF(Frequencia!$D:$D,D20,Frequencia!$R:$R)) -> 0 | K20: =IF(D20="","",H20/Configurações!$I$5) -> 0
D21: =Cadastro!B21 -> 0 | E21: =Cadastro!C21 -> 0 | F21: =Cadastro!D21 -> 0 | G21: =Cadastro!F21 -> 0 | H21: =IF(D21="","",SUMIF(Frequencia!$D:$D,D21,Frequencia!$P:$P)) -> 0 | I21: =IF(D21="","",SUMIF(Frequencia!$D:$D,D21,Frequencia!$Q:$Q)) -> 0 | J21: =IF(D21="","",SUMIF(Frequencia!$D:$D,D21,Frequencia!$R:$R)) -> 0 | K21: =IF(D21="","",H21/Configurações!$I$5) -> 0
D22: =Cadastro!B22 -> 0 | E22: =Cadastro!C22 -> 0 | F22: =Cadastro!D22 -> 0 | G22: =Cadastro!F22 -> 0 | H22: =IF(D22="","",SUMIF(Frequencia!$D:$D,D22,Frequencia!$P:$P)) -> 0 | I22: =IF(D22="","",SUMIF(Frequencia!$D:$D,D22,Frequencia!$Q:$Q)) -> 0 | J22: =IF(D22="","",SUMIF(Frequencia!$D:$D,D22,Frequencia!$R:$R)) -> 0 | K22: =IF(D22="","",H22/Configurações!$I$5) -> 0
D23: =Cadastro!B23 -> 0 | E23: =Cadastro!C23 -> 0 | F23: =Cadastro!D23 -> 0 | G23: =Cadastro!F23 -> 0 | H23: =IF(D23="","",SUMIF(Frequencia!$D:$D,D23,Frequencia!$P:$P)) -> 0 | I23: =IF(D23="","",SUMIF(Frequencia!$D:$D,D23,Frequencia!$Q:$Q)) -> 0 | J23: =IF(D23="","",SUMIF(Frequencia!$D:$D,D23,Frequencia!$R:$R)) -> 0 | K23: =IF(D23="","",H23/Configurações!$I$5) -> 0
... D100: =Cadastro!B100 -> 0 | E100: =Cadastro!C100 -> 0 | F100: =Cadastro!D100 -> 0 | G100: =Cadastro!F100 -> 0 | H100: =IF(D100="","",SUMIF(Frequencia!$D:$D,D100,Frequencia!$P:$P)) -> 0 | I100: =IF(D100="","",SUMIF(Frequencia!$D:$D,D100,Frequencia!$Q:$Q)) -> 0 | J100: =IF(D100="","",SUMIF(Frequencia!$D:$D,D100,Frequencia!$R:$R)) -> 0 | K100: =IF(D100="","",H100/Configurações!$I$5) -> 0

Sheet Relatorio_Individual
A1: RELATÓRIO INDIVIDUAL DO RESIDENTE
A3: Selecione o residente:
A5: Indicador | B5: Valor
A6: Profissão | B6: =IFERROR(VLOOKUP($B$3,Cadastro!$B$4:$H$100,2,FALSE),"")
A7: Período | B7: =IFERROR(VLOOKUP($B$3,Cadastro!$B$4:$H$100,3,FALSE),"")
A8: Situação | B8: =IFERROR(VLOOKUP($B$3,Cadastro!$B$4:$H$100,5,FALSE),"")
A9: CH anual prevista | B9: =Configurações!$I$5 -> 2880
A10: Horas realizadas | B10: =SUMIF(Frequencia!$D:$D,$B$3,Frequencia!$P:$P) -> 0
A11: CH prática | B11: =SUMIF(Frequencia!$D:$D,$B$3,Frequencia!$Q:$Q) -> 0
A12: CH teórica | B12: =SUMIF(Frequencia!$D:$D,$B$3,Frequencia!$R:$R) -> 0
A13: Horas restantes | B13: =MAX(0,B9-B10) -> 2880
A14: % anual cumprido | B14: =IFERROR(B10/B9,0) -> 0
